id,first_name,last_name,email,gender,date_of_birth,country,created_date
1,Nerita,Bidder,nbidder0@yahoo.com,Female,1974-03-15,Democratic Republic of the Congo,2017-07-11
2,Jillane,Sillwood,jsillwood1@webeden.co.uk,Female,1981-09-16,Cameroon,2017-07-07
3,Linn,Woolstenholmes,lwoolstenholmes2@sbwire.com,Male,1983-07-15,Turkmenistan,2017-03-17
4,Floyd,Torn,ftorn3@arstechnica.com,Male,1987-07-01,Dominican Republic,2017-08-11
5,Kingsly,Tax,ktax4@miitbeian.gov.cn,Male,1990-06-25,Bosnia and Herzegovina,2017-02-12
6,Dimitry,Cornely,dcornely5@storify.com,Male,1963-08-01,France,2017-08-28
7,Orson,Orteau,oorteau6@posterous.com,Male,1977-06-14,Indonesia,2017-08-03
8,Rabbi,Boman,rboman7@about.me,Male,1972-12-23,China,2016-10-19
9,Baron,Ragg,bragg8@vkontakte.ru,Male,1987-01-21,Syria,2016-11-14
10,Neila,Gue,ngue9@blinklist.com,Female,1982-09-22,Russia,2017-04-20
11,Gilberte,Dayes,gdayesa@paginegialle.it,Female,1974-10-01,Philippines,2017-04-10
12,Kaile,Mullinger,kmullingerb@google.fr,Female,1976-11-15,Greece,2016-12-22
13,Eldredge,Ginie,eginiec@purevolume.com,Male,1986-08-25,Russia,2017-01-23
14,Gerianna,Murray,gmurrayd@house.gov,Female,1975-12-05,Palestinian Territory,2017-08-06
15,Pierce,Crutcher,pcrutchere@admin.ch,Male,1965-04-21,Ireland,2017-06-26
16,Myrvyn,Korejs,mkorejsf@ow.ly,Male,1989-03-18,Indonesia,2016-11-29
17,Mella,McCullagh,mmccullaghg@taobao.com,Female,1974-03-24,Peru,2017-04-05
18,Ilse,Ragbourne,iragbourneh@discuz.net,Female,1982-01-01,Syria,2016-11-25
19,Bobby,Ojeda,bojedai@clickbank.net,Male,1983-04-18,France,2017-06-22
20,Niven,Neilands,nneilandsj@oakley.com,Male,1986-04-21,Andorra,2017-05-21
21,Gabby,Lembrick,glembrickk@bbb.org,Male,1986-08-12,China,2017-08-16
22,Barney,Fritche,bfritchel@hexun.com,Male,1980-12-12,Poland,2016-12-19
23,Chilton,Borborough,cborboroughm@samsung.com,Male,1971-09-07,Yemen,2017-04-27
24,Gustave,Roper,gropern@washingtonpost.com,Male,1971-03-16,Portugal,2016-12-24
25,Pinchas,Challice,pchalliceo@goodreads.com,Male,1966-04-30,Thailand,2016-10-06
26,Wyatt,Haselup,whaselupp@goodreads.com,Male,1974-09-28,United States,2017-05-08
27,Berkie,Finn,bfinnq@dailymail.co.uk,Male,1986-11-03,Syria,2017-01-29
28,Hyman,Alenin,haleninr@behance.net,Male,1972-10-20,China,2016-10-07
29,Mella,Buncombe,mbuncombes@guardian.co.uk,Female,1963-11-06,Philippines,2017-02-11
30,Cameron,Shotter,cshottert@admin.ch,Male,1971-09-01,Mauritius,2016-12-20
31,Gauthier,Sparwell,gsparwellu@livejournal.com,Male,1973-01-24,China,2016-11-01
32,Samuel,Frewer,sfrewerv@wunderground.com,Male,1985-12-11,Brazil,2017-04-19
33,Augusta,Mathiassen,amathiassenw@desdev.cn,Female,1977-04-02,Jamaica,2017-01-21
34,Aryn,Dayley,adayleyx@trellian.com,Female,1989-09-04,Sweden,2017-08-16
35,Elisha,Dominelli,edominelliy@wsj.com,Male,1964-07-23,France,2016-12-27
36,Bibby,Dinan,bdinanz@wikia.com,Female,1979-07-20,Tunisia,2016-12-17
37,Archibold,Meeny,ameeny10@ask.com,Male,1988-09-23,Brazil,2016-12-08
38,Elora,Osman,eosman11@harvard.edu,Female,1975-10-21,Poland,2016-11-13
39,Case,Cadamy,ccadamy12@sourceforge.net,Male,1989-12-01,Indonesia,2017-03-31
40,Thurston,Affuso,taffuso13@domainmarket.com,Male,1971-10-25,Belarus,2017-07-12
41,Tan,Hyder,thyder14@flickr.com,Male,1963-01-11,Czech Republic,2017-05-31
42,Lorene,Bardsley,lbardsley15@japanpost.jp,Female,1976-10-27,Greece,2017-03-11
43,Richard,Bundey,rbundey16@privacy.gov.au,Male,1987-03-02,Indonesia,2016-10-21
44,Eveline,Veart,eveart17@typepad.com,Female,1964-07-31,Czech Republic,2017-04-13
45,Kinny,Gaskall,kgaskall18@google.com.hk,Male,1977-12-19,Vietnam,2017-05-07
46,Gard,Tullot,gtullot19@miibeian.gov.cn,Male,1970-07-14,United States,2017-03-22
47,Dorry,Graveson,dgraveson1a@prnewswire.com,Female,1984-02-26,Ukraine,2017-05-04
48,Baxter,Klimt,bklimt1b@mail.ru,Male,1968-04-06,Russia,2016-12-24
49,Heindrick,Legier,hlegier1c@pagesperso-orange.fr,Male,1976-08-13,Thailand,2017-05-25
50,Tory,Giraudat,tgiraudat1d@amazon.de,Female,1963-06-21,Indonesia,2016-11-21
51,Batsheva,Combe,bcombe1e@nhs.uk,Female,1976-03-28,Portugal,2017-07-02
52,Dur,Mulderrig,dmulderrig1f@simplemachines.org,Male,1970-03-19,Yemen,2017-03-15
53,Winne,Petersen,wpetersen1g@sakura.ne.jp,Female,1977-06-21,France,2017-09-03
54,Marabel,Scrimshaw,mscrimshaw1h@theguardian.com,Female,1972-06-02,Peru,2017-02-07
55,Granville,Harcarse,gharcarse1i@weibo.com,Male,1984-06-09,Australia,2017-07-05
56,Farlay,Steere,fsteere1j@zdnet.com,Male,1970-10-05,France,2017-02-12
57,Vernen,Mills,vmills1k@de.vu,Male,1963-07-19,Colombia,2017-01-24
58,Tremayne,Pinchen,tpinchen1l@github.com,Male,1980-10-21,Indonesia,2017-07-24
59,Augusto,MacDonogh,amacdonogh1m@shinystat.com,Male,1970-09-26,China,2016-11-29
60,Karena,Jozefiak,kjozefiak1n@wufoo.com,Female,1986-12-25,Afghanistan,2017-01-13
61,Celestyn,Atlee,catlee1o@addtoany.com,Female,1964-06-19,France,2017-05-27
62,Gauthier,Bonefant,gbonefant1p@washington.edu,Male,1980-12-22,Argentina,2017-06-25
63,Erv,Fetherstan,efetherstan1q@independent.co.uk,Male,1985-08-29,Indonesia,2017-05-19
64,Leodora,Bilbery,lbilbery1r@usa.gov,Female,1964-01-02,Ireland,2017-06-20
65,Augie,Blinder,ablinder1s@indiegogo.com,Male,1978-07-18,China,2017-08-24
66,Fidel,Haughton,fhaughton1t@quantcast.com,Male,1985-06-25,Nigeria,2017-06-27
67,Merna,Banbrick,mbanbrick1u@theglobeandmail.com,Female,1965-01-22,Philippines,2016-10-22
68,Wood,Scallan,wscallan1v@gizmodo.com,Male,1964-10-28,China,2017-07-06
69,Alasdair,Salazar,asalazar1w@mtv.com,Male,1964-06-01,Tunisia,2016-12-09
70,Archambault,Jeafferson,ajeafferson1x@loc.gov,Male,1989-01-29,Portugal,2017-01-19
71,Delano,Feldfisher,dfeldfisher1y@altervista.org,Male,1973-03-18,Indonesia,2016-11-19
72,Gabriellia,Reddyhoff,greddyhoff1z@discovery.com,Female,1970-08-11,Armenia,2016-10-13
73,Colan,Pedrocco,cpedrocco20@forbes.com,Male,1982-07-06,China,2017-08-14
74,Tallulah,Dionisetti,tdionisetti21@usda.gov,Female,1980-05-28,Indonesia,2017-08-05
75,Kile,Dri,kdri22@nymag.com,Male,1969-07-09,Ukraine,2017-09-29
76,Perceval,Roberti,proberti23@spotify.com,Male,1969-11-03,Ivory Coast,2017-02-11
77,Lowe,Kocher,lkocher24@samsung.com,Male,1967-02-04,Portugal,2017-05-11
78,Ariana,McCracken,amccracken25@princeton.edu,Female,1981-11-21,Czech Republic,2017-05-09
79,Mallorie,Earey,mearey26@sakura.ne.jp,Female,1988-02-28,Philippines,2016-12-15
80,Car,Ninnis,cninnis27@sphinn.com,Male,1980-12-08,China,2017-09-26
81,Dennie,Just,djust28@cam.ac.uk,Female,1973-11-04,Brazil,2017-01-05
82,Alwyn,Paradin,aparadin29@paginegialle.it,Male,1977-09-27,Sweden,2017-02-21
83,Eula,Jacobs,ejacobs2a@studiopress.com,Female,1988-05-10,Benin,2017-01-31
84,Shelby,Deighan,sdeighan2b@nytimes.com,Female,1974-08-12,China,2017-09-13
85,Gaile,Style,gstyle2c@theguardian.com,Male,1985-03-18,Philippines,2017-08-09
86,Jacinda,Wakelin,jwakelin2d@github.io,Female,1974-08-29,Ukraine,2017-03-03
87,Tandie,Hayth,thayth2e@fda.gov,Female,1971-09-21,Costa Rica,2017-06-07
88,Nevins,Garland,ngarland2f@surveymonkey.com,Male,1965-05-02,China,2017-08-26
89,Clemens,Ickeringill,cickeringill2g@tinypic.com,Male,1989-05-19,Yemen,2017-10-01
90,Maurits,MacAnespie,mmacanespie2h@123-reg.co.uk,Male,1977-04-28,Indonesia,2017-06-24
91,Saundra,Vickery,svickery2i@ovh.net,Male,1986-03-30,China,2017-01-31
92,Titos,Kenson,tkenson2j@free.fr,Male,1978-03-28,Cayman Islands,2016-12-11
93,Donetta,Novelli,dnovelli2k@symantec.com,Female,1965-04-02,France,2017-01-07
94,Tedmund,Gwatkins,tgwatkins2l@businessinsider.com,Male,1964-04-12,Indonesia,2017-06-03
95,Temp,Jenyns,tjenyns2m@gnu.org,Male,1988-02-16,United States,2016-12-07
96,Bibi,Kellogg,bkellogg2n@ifeng.com,Female,1965-05-26,Malaysia,2017-05-17
97,Isis,Melville,imelville2o@patch.com,Female,1967-07-19,Portugal,2016-10-04
98,Forrester,Millthorpe,fmillthorpe2p@netscape.com,Male,1966-11-04,Iran,2016-11-25
99,Fran,Parlatt,fparlatt2q@businessweek.com,Female,1965-02-17,Portugal,2017-07-10
100,Hugo,Enoksson,henoksson2r@noaa.gov,Male,1971-07-20,French Polynesia,2017-07-08
101,Whitney,Stanbro,wstanbro2s@hostgator.com,Male,1965-06-02,Brazil,2017-03-01
102,Joycelin,Hanselman,jhanselman2t@mac.com,Female,1980-02-18,Poland,2017-06-07
103,Esme,Greenset,egreenset2u@hubpages.com,Male,1987-07-30,Canada,2016-10-15
104,Dennet,Plaid,dplaid2v@slideshare.net,Male,1986-06-23,China,2016-10-04
105,Arlena,Lailey,alailey2w@netvibes.com,Female,1987-01-02,Panama,2017-05-27
106,Camala,Matyasik,cmatyasik2x@google.de,Female,1984-10-30,United States,2017-05-18
107,Annabal,Pynner,apynner2y@gov.uk,Female,1983-03-31,Portugal,2017-08-10
108,Hiram,Tomkinson,htomkinson2z@nba.com,Male,1976-11-15,China,2016-11-20
109,Philip,Culross,pculross30@harvard.edu,Male,1982-05-28,Brazil,2017-01-21
110,Dorothea,Brandes,dbrandes31@wsj.com,Female,1984-06-24,Brazil,2017-06-06
111,Killie,Pearl,kpearl32@elegantthemes.com,Male,1966-09-02,Finland,2016-10-17
112,Ami,Rowett,arowett33@nature.com,Female,1966-12-12,China,2016-12-01
113,Nanny,O'Doireidh,nodoireidh34@dailymail.co.uk,Female,1988-05-05,China,2017-01-22
114,Morse,Leitch,mleitch35@hatena.ne.jp,Male,1989-06-12,Poland,2016-10-08
115,Bamby,Blood,bblood36@opensource.org,Female,1976-08-11,United States,2016-12-12
116,Chaim,Agiolfinger,cagiolfinger37@craigslist.org,Male,1981-02-25,China,2017-03-04
117,Belle,Peaurt,bpeaurt38@soundcloud.com,Female,1987-03-07,British Virgin Islands,2016-10-26
118,Aleda,Shewery,ashewery39@w3.org,Female,1974-06-05,France,2017-07-16
119,Hatti,Hundey,hhundey3a@wired.com,Female,1978-06-18,Sweden,2017-05-01
120,Nichol,Ferraretto,nferraretto3b@wix.com,Female,1969-04-15,Croatia,2017-03-04
121,Normand,Florio,nflorio3c@usatoday.com,Male,1977-04-29,Montenegro,2017-02-18
122,Kathye,Kingett,kkingett3d@smugmug.com,Female,1977-01-12,Philippines,2017-03-06
123,Harriett,Pendock,hpendock3e@slashdot.org,Female,1963-08-15,China,2017-06-14
124,Goober,Degoe,gdegoe3f@multiply.com,Male,1970-11-27,Venezuela,2017-07-01
125,Melodee,Brockherst,mbrockherst3g@etsy.com,Female,1965-03-05,Russia,2016-10-04
126,Davy,McElree,dmcelree3h@cocolog-nifty.com,Male,1965-11-06,China,2017-05-14
127,Alexandre,Denerley,adenerley3i@opensource.org,Male,1969-09-10,China,2017-02-05
128,Keelia,Oxton,koxton3j@flickr.com,Female,1978-07-01,Argentina,2017-07-18
129,Kelwin,Gunney,kgunney3k@tinypic.com,Male,1979-06-02,China,2017-04-22
130,Adan,Paine,apaine3l@google.com.hk,Female,1982-05-05,China,2016-12-12
131,Valery,Wimmers,vwimmers3m@shop-pro.jp,Female,1966-11-29,Trinidad and Tobago,2017-04-27
132,Mylo,Ferrey,mferrey3n@nba.com,Male,1984-11-10,China,2017-07-28
133,Gerardo,Sarfatti,gsarfatti3o@blog.com,Male,1981-09-22,China,2017-03-20
134,Cyrille,Elverston,celverston3p@upenn.edu,Male,1990-08-06,Indonesia,2017-03-25
135,Clarinda,Heales,cheales3q@auda.org.au,Female,1982-07-06,Malaysia,2017-02-10
136,Ethelbert,Gadson,egadson3r@umich.edu,Male,1973-06-10,Brazil,2017-09-10
137,Lothario,Berston,lberston3s@usda.gov,Male,1966-09-13,China,2017-06-04
138,Paton,Walder,pwalder3t@jiathis.com,Male,1971-04-21,China,2017-08-20
139,Floria,Dugan,fdugan3u@irs.gov,Female,1966-07-27,Russia,2016-10-04
140,Baxie,Eldred,beldred3v@fema.gov,Male,1979-12-20,Sweden,2016-10-15
141,Ashby,Goodwell,agoodwell3w@fc2.com,Male,1979-06-16,Philippines,2017-02-20
142,Iver,Eagle,ieagle3x@netlog.com,Male,1979-09-23,Indonesia,2017-02-16
143,Shoshanna,Ellph,sellph3y@bluehost.com,Female,1965-08-25,United States,2017-05-31
144,Cecile,Goodlatt,cgoodlatt3z@posterous.com,Female,1979-06-11,Costa Rica,2017-03-19
145,Josy,Attwool,jattwool40@timesonline.co.uk,Female,1969-08-01,Indonesia,2016-10-07
146,Sherwin,Case,scase41@epa.gov,Male,1965-06-14,Indonesia,2017-02-05
147,Jemmy,Sharphouse,jsharphouse42@samsung.com,Female,1989-09-04,Russia,2017-02-24
148,Bernardina,Vice,bvice43@myspace.com,Female,1986-12-08,Peru,2016-10-04
149,Guglielmo,Beaze,gbeaze44@naver.com,Male,1975-12-03,Indonesia,2017-06-30
150,Dore,Ruprechter,druprechter45@mit.edu,Female,1974-08-22,France,2017-09-26
151,Orlan,Bloxsom,obloxsom46@ezinearticles.com,Male,1973-04-16,China,2017-05-22
152,Artemus,Gulliver,agulliver47@cbsnews.com,Male,1963-12-26,Lithuania,2017-05-13
153,Geoff,Richings,grichings48@bloglines.com,Male,1969-12-30,China,2016-12-07
154,Elena,Morsley,emorsley49@themeforest.net,Female,1988-01-08,Philippines,2017-07-06
155,Adelaida,Banthorpe,abanthorpe4a@nydailynews.com,Female,1980-09-30,Finland,2017-03-07
156,Cassandra,Toogood,ctoogood4b@mac.com,Female,1987-10-26,Greece,2017-01-16
157,Andrew,Jills,ajills4c@shutterfly.com,Male,1985-12-19,China,2017-07-08
158,Skip,Rowet,srowet4d@bandcamp.com,Male,1990-05-22,United States,2017-08-25
159,Maud,Stapleton,mstapleton4e@tripadvisor.com,Female,1985-10-17,China,2017-07-01
160,Imelda,Sargant,isargant4f@instagram.com,Female,1989-03-29,Brazil,2017-02-20
161,Cloris,Odcroft,codcroft4g@prweb.com,Female,1988-11-19,Russia,2016-12-15
162,Sammie,Colquit,scolquit4h@nbcnews.com,Male,1981-05-11,Ukraine,2017-02-18
163,Sebastiano,Dudman,sdudman4i@geocities.com,Male,1972-01-27,Mexico,2017-09-18
164,Winifield,Shankland,wshankland4j@woothemes.com,Male,1969-03-24,Indonesia,2016-12-27
165,Terencio,Claypoole,tclaypoole4k@sina.com.cn,Male,1976-05-20,Russia,2017-05-11
166,Willabella,Klimowicz,wklimowicz4l@japanpost.jp,Female,1964-01-07,Philippines,2017-02-13
167,Winna,Ellett,wellett4m@csmonitor.com,Female,1980-04-27,Venezuela,2016-10-25
168,Sonnnie,Undrell,sundrell4n@earthlink.net,Female,1966-12-23,Brazil,2016-11-16
169,Rheta,Parkeson,rparkeson4o@joomla.org,Female,1984-07-31,South Africa,2017-04-20
170,Barry,Josofovitz,bjosofovitz4p@nymag.com,Female,1976-11-24,Sweden,2017-03-30
171,Tito,Dunthorn,tdunthorn4q@yahoo.co.jp,Male,1966-12-20,United States,2016-11-29
172,Demetris,Shemelt,dshemelt4r@google.ru,Female,1988-08-26,United States,2016-10-13
173,Damon,Janicijevic,djanicijevic4s@cpanel.net,Male,1986-10-28,Iceland,2017-07-24
174,Dwain,Beesey,dbeesey4t@opera.com,Male,1971-11-01,Poland,2017-08-30
175,Saleem,Burge,sburge4u@squarespace.com,Male,1986-05-23,Russia,2017-07-02
176,Denver,Wreight,dwreight4v@hao123.com,Male,1971-01-15,Russia,2017-03-16
177,Seline,Godlip,sgodlip4w@dailymotion.com,Female,1989-03-10,Czech Republic,2017-08-18
178,Roanna,Cunah,rcunah4x@mapquest.com,Female,1988-04-14,Indonesia,2017-08-26
179,Augusto,Grayling,agrayling4y@furl.net,Male,1978-04-13,Suriname,2017-08-23
180,Noble,Beedell,nbeedell4z@techcrunch.com,Male,1981-08-02,China,2016-12-20
181,Hastie,Greeve,hgreeve50@pbs.org,Male,1986-06-29,Indonesia,2017-09-23
182,Case,Jandac,cjandac51@theatlantic.com,Male,1989-06-29,Uganda,2017-08-17
183,Kincaid,Brunn,kbrunn52@google.nl,Male,1968-10-02,Pakistan,2017-08-22
184,Jannelle,Ambrus,jambrus53@kickstarter.com,Female,1971-04-09,Philippines,2016-11-27
185,Torrin,Pirson,tpirson54@creativecommons.org,Male,1988-05-10,Zambia,2017-07-02
186,Kory,Djakovic,kdjakovic55@bandcamp.com,Male,1987-06-25,Ukraine,2017-05-14
187,Lida,McKiddin,lmckiddin56@canalblog.com,Female,1966-01-28,Ukraine,2017-06-29
188,Marylin,Snodin,msnodin57@free.fr,Female,1987-02-08,France,2017-07-14
189,Shandy,Edgin,sedgin58@apache.org,Female,1985-10-18,Armenia,2016-11-13
190,Fritz,Duckering,fduckering59@51.la,Male,1969-09-26,Russia,2017-04-30
191,Luciano,Ritchings,lritchings5a@blogspot.com,Male,1973-06-19,Guatemala,2017-06-06
192,Sarge,Gaber,sgaber5b@php.net,Male,1987-10-26,Thailand,2016-10-22
193,Lea,Strathman,lstrathman5c@home.pl,Female,1966-05-05,Philippines,2016-11-18
194,Gaile,Wise,gwise5d@nih.gov,Male,1973-03-20,Poland,2017-08-15
195,Laurie,Edgley,ledgley5e@mlb.com,Female,1982-03-25,Uzbekistan,2017-02-19
196,Lind,McQuillan,lmcquillan5f@kickstarter.com,Male,1984-09-19,China,2016-10-23
197,Ryun,Darth,rdarth5g@privacy.gov.au,Male,1968-08-19,Slovenia,2017-04-26
198,Pieter,Gatesman,pgatesman5h@ft.com,Male,1970-01-08,Poland,2017-01-19
199,Yorgo,Tiernan,ytiernan5i@telegraph.co.uk,Male,1974-03-22,Armenia,2017-01-14
200,Madlen,Roels,mroels5j@cam.ac.uk,Female,1977-02-06,Kenya,2017-04-09
201,Kelsey,Van Dalen,kvandalen5k@virginia.edu,Male,1965-02-21,China,2016-10-12
202,Garret,Ricarde,gricarde5l@hubpages.com,Male,1971-10-20,Venezuela,2017-02-26
203,Ardys,Cowe,acowe5m@amazon.co.uk,Female,1980-02-13,Poland,2017-07-26
204,Sergeant,Dutch,sdutch5n@usa.gov,Male,1989-04-02,Mexico,2017-05-02
205,Nessa,Ghelardi,nghelardi5o@friendfeed.com,Female,1979-05-31,France,2016-12-20
206,Devondra,Snewin,dsnewin5p@forbes.com,Female,1978-04-15,Thailand,2017-02-15
207,Brendan,Hambling,bhambling5q@wikispaces.com,Male,1975-07-21,Brazil,2017-05-09
208,Forrest,Ockleshaw,fockleshaw5r@imageshack.us,Male,1962-11-11,Japan,2017-04-04
209,Celka,Rapo,crapo5s@vistaprint.com,Female,1980-07-19,Azerbaijan,2017-06-30
210,Emelen,Boldock,eboldock5t@dedecms.com,Male,1983-12-03,Israel,2017-08-02
211,Spenser,Borles,sborles5u@ustream.tv,Male,1975-05-20,Norway,2017-06-12
212,Paolina,Edgeley,pedgeley5v@1688.com,Female,1980-04-05,Russia,2016-12-03
213,Lorianne,McManamen,lmcmanamen5w@cafepress.com,Female,1983-06-26,Peru,2017-04-20
214,Celestine,Wye,cwye5x@amazon.com,Female,1977-09-11,China,2017-09-23
215,Samara,Stanwix,sstanwix5y@google.fr,Female,1966-06-05,Poland,2017-05-07
216,Jermaine,Conew,jconew5z@edublogs.org,Female,1976-09-05,France,2017-05-14
217,Shannen,Chadburn,schadburn60@japanpost.jp,Female,1979-04-11,Portugal,2017-08-28
218,Waring,Crennan,wcrennan61@freewebs.com,Male,1970-10-22,Indonesia,2016-12-01
219,Romy,Ekell,rekell62@csmonitor.com,Female,1989-05-01,France,2017-09-16
220,Bonnee,Speke,bspeke63@google.co.uk,Female,1971-09-11,Senegal,2017-03-21
221,Gwenny,Vize,gvize64@printfriendly.com,Female,1981-02-18,Indonesia,2016-10-03
222,Russell,Ludlem,rludlem65@dyndns.org,Male,1980-01-18,Poland,2017-03-21
223,Barclay,Lebel,blebel66@spiegel.de,Male,1968-09-25,China,2017-05-12
224,Jaymee,Goodlet,jgoodlet67@google.fr,Female,1969-07-14,Japan,2016-10-22
225,Anabelle,Mulvey,amulvey68@qq.com,Female,1974-12-07,Chad,2017-06-22
226,Banky,Fayre,bfayre69@boston.com,Male,1968-07-17,China,2016-10-21
227,Howard,Daggett,hdaggett6a@360.cn,Male,1983-08-15,Brazil,2017-04-26
228,Ashby,Riccardelli,ariccardelli6b@wikipedia.org,Male,1984-07-04,South Africa,2017-01-29
229,Edna,Apdell,eapdell6c@engadget.com,Female,1983-07-26,Honduras,2017-06-14
230,Flint,Romera,fromera6d@angelfire.com,Male,1967-09-04,Indonesia,2017-06-28
231,Jacky,Mantz,jmantz6e@deviantart.com,Male,1965-01-21,Poland,2017-09-28
232,Irvin,Grinnov,igrinnov6f@mapquest.com,Male,1965-10-06,Greece,2016-11-24
233,Ellie,MacCartair,emaccartair6g@posterous.com,Female,1972-11-25,Ukraine,2016-11-26
234,Juliane,Barchrameev,jbarchrameev6h@blog.com,Female,1966-08-19,Russia,2017-08-04
235,Adelbert,Scruby,ascruby6i@vk.com,Male,1989-04-25,United States,2017-08-10
236,Cindy,Grimmett,cgrimmett6j@redcross.org,Female,1969-04-09,Afghanistan,2017-05-12
237,Carena,Mayzes,cmayzes6k@spotify.com,Female,1966-07-11,France,2017-01-18
238,Judas,Secombe,jsecombe6l@t.co,Male,1978-10-07,Ethiopia,2017-05-27
239,Dacey,Arens,darens6m@blogger.com,Female,1966-11-09,Canada,2017-04-26
240,Karalee,Rushbrooke,krushbrooke6n@illinois.edu,Female,1966-09-22,China,2017-03-02
241,Alexia,McClements,amcclements6o@example.com,Female,1974-12-08,Peru,2017-09-09
242,Ernie,Watterson,ewatterson6p@comcast.net,Male,1978-04-01,South Africa,2017-01-07
243,Craig,Bassingden,cbassingden6q@nymag.com,Male,1974-03-31,Colombia,2017-03-18
244,Mace,Bloxsome,mbloxsome6r@google.com.au,Male,1983-03-28,Japan,2017-06-16
245,Tomaso,Hearson,thearson6s@netvibes.com,Male,1976-05-25,China,2016-11-08
246,Karissa,Carradice,kcarradice6t@t-online.de,Female,1987-09-22,China,2017-06-16
247,Honey,Abrehart,habrehart6u@feedburner.com,Female,1978-10-24,France,2017-07-19
248,Jonell,Cornford,jcornford6v@etsy.com,Female,1987-03-11,China,2017-02-22
249,Julio,Winnard,jwinnard6w@marketwatch.com,Male,1972-06-27,Brazil,2016-12-13
250,Robyn,Antonoyev,rantonoyev6x@aboutads.info,Female,1985-09-20,Philippines,2016-11-29
251,Rouvin,Checci,rchecci6y@aboutads.info,Male,1980-05-25,Nigeria,2017-05-08
252,Ailina,Kelleher,akelleher6z@infoseek.co.jp,Female,1989-05-28,Peru,2016-11-17
253,Catie,Caulfield,ccaulfield70@cmu.edu,Female,1972-02-04,Philippines,2016-12-18
254,Benedict,Wolfit,bwolfit71@amazon.co.jp,Male,1982-03-11,China,2017-09-28
255,Melicent,Bailess,mbailess72@eventbrite.com,Female,1978-10-11,Philippines,2017-07-25
256,Lilly,Praton,lpraton73@ask.com,Female,1969-04-21,China,2017-07-25
257,Kennedy,Lyons,klyons74@state.gov,Male,1974-04-18,China,2016-10-17
258,Mae,Knightsbridge,mknightsbridge75@paypal.com,Female,1980-10-06,Croatia,2016-10-18
259,Blair,Tregian,btregian76@hp.com,Male,1973-07-05,China,2016-10-19
260,Buiron,Creavin,bcreavin77@salon.com,Male,1989-05-20,Kosovo,2016-11-05
261,Hazlett,Harce,hharce78@ask.com,Male,1972-10-04,Ireland,2017-09-26
262,Bianka,Dragge,bdragge79@cpanel.net,Female,1985-07-24,Japan,2017-10-01
263,Waylon,Pavlenkov,wpavlenkov7a@amazonaws.com,Male,1978-05-29,Sweden,2016-10-13
264,Dahlia,Lesek,dlesek7b@sourceforge.net,Female,1980-12-21,China,2017-03-24
265,Fanya,Younger,fyounger7c@lulu.com,Female,1977-05-30,Brazil,2017-08-24
266,Noel,Jedrasik,njedrasik7d@slideshare.net,Male,1964-01-23,Philippines,2017-08-08
267,Marys,Radmore,mradmore7e@ameblo.jp,Female,1967-11-20,Philippines,2017-09-30
268,Alwin,Whitloe,awhitloe7f@cafepress.com,Male,1979-09-22,El Salvador,2017-07-16
269,Egor,Flode,eflode7g@biglobe.ne.jp,Male,1988-10-06,China,2017-04-25
270,Byran,Overland,boverland7h@themeforest.net,Male,1979-03-05,China,2017-08-04
271,Imogen,Solly,isolly7i@storify.com,Female,1967-12-30,China,2017-04-25
272,Monty,Dechelette,mdechelette7j@livejournal.com,Male,1966-07-29,Czech Republic,2017-03-30
273,Helge,Cosely,hcosely7k@4shared.com,Female,1975-03-31,China,2016-10-16
274,Boyd,Huggon,bhuggon7l@pcworld.com,Male,1986-01-06,Democratic Republic of the Congo,2017-07-06
275,Roi,Gratrex,rgratrex7m@clickbank.net,Male,1974-04-05,Egypt,2017-06-05
276,Barri,Bourgeois,bbourgeois7n@dagondesign.com,Male,1973-06-13,Nicaragua,2017-05-01
277,Filberto,Nerheny,fnerheny7o@ucoz.com,Male,1982-05-11,China,2017-02-26
278,Bradley,Stanlake,bstanlake7p@ycombinator.com,Male,1966-11-18,Indonesia,2017-03-27
279,Darcey,Meatyard,dmeatyard7q@umn.edu,Female,1985-11-14,China,2016-11-03
280,Colette,Pingston,cpingston7r@upenn.edu,Female,1979-11-09,Brazil,2017-04-21
281,Ibrahim,Rivelon,irivelon7s@wordpress.org,Male,1982-11-13,Argentina,2016-11-10
282,Amberly,Fassam,afassam7t@si.edu,Female,1979-11-02,Pakistan,2017-09-11
283,Gal,Fowlston,gfowlston7u@w3.org,Male,1981-02-05,Canada,2017-05-25
284,Tracie,Kyles,tkyles7v@amazon.co.uk,Male,1988-06-02,South Africa,2017-09-03
285,Barnaby,Spadoni,bspadoni7w@dyndns.org,Male,1984-12-24,China,2017-03-27
286,Jock,Spiers,jspiers7x@zdnet.com,Male,1987-06-17,Thailand,2017-08-31
287,Dyanne,Portlock,dportlock7y@time.com,Female,1985-12-09,China,2016-12-07
288,Boycey,Nears,bnears7z@moonfruit.com,Male,1970-03-04,Ukraine,2016-10-06
289,Grace,Douty,gdouty80@bloglines.com,Male,1979-12-15,China,2017-06-13
290,Angelico,O' Markey,aomarkey81@php.net,Male,1971-09-25,Netherlands,2017-05-29
291,Hermie,Sondland,hsondland82@loc.gov,Male,1987-09-02,China,2016-11-03
292,Alina,Hedde,ahedde83@adobe.com,Female,1966-08-04,Iran,2017-04-28
293,Delaney,Drohun,ddrohun84@reverbnation.com,Male,1975-03-03,China,2017-07-03
294,Saunders,O'Moylan,somoylan85@shareasale.com,Male,1982-05-08,France,2017-09-23
295,Dene,Duiged,dduiged86@ed.gov,Male,1977-10-20,Mongolia,2017-01-15
296,Corabelle,Grazier,cgrazier87@google.fr,Female,1965-10-21,China,2017-05-09
297,Reggy,Glander,rglander88@amazonaws.com,Male,1964-07-12,Philippines,2016-10-14
298,Collette,Semple,csemple89@cdbaby.com,Female,1969-06-13,Macedonia,2017-06-08
299,Briant,Elston,belston8a@jugem.jp,Male,1988-10-19,United States,2016-10-26
300,Berne,De Blasiis,bdeblasiis8b@symantec.com,Male,1986-07-23,Micronesia,2017-04-13
301,Jeremie,Clibbery,jclibbery8c@icq.com,Male,1985-04-21,Philippines,2017-01-28
302,Nat,Stitt,nstitt8d@shutterfly.com,Male,1962-10-13,Moldova,2017-06-07
303,Sloan,Bohlin,sbohlin8e@blogs.com,Male,1971-12-26,Sri Lanka,2017-03-07
304,Brina,Yeates,byeates8f@naver.com,Female,1975-06-05,Pakistan,2017-07-14
305,Micheil,Doman,mdoman8g@cbsnews.com,Male,1976-02-04,Ukraine,2017-01-08
306,De,Warrell,dwarrell8h@webs.com,Female,1969-08-20,Peru,2016-10-05
307,Megen,Dockrell,mdockrell8i@studiopress.com,Female,1976-06-17,Sri Lanka,2017-04-14
308,Nadean,McSpirron,nmcspirron8j@weebly.com,Female,1977-01-04,Oman,2016-11-15
309,Beauregard,Caudelier,bcaudelier8k@slideshare.net,Male,1986-08-30,Cyprus,2017-02-01
310,Allin,Doerling,adoerling8l@aol.com,Male,1982-12-24,Philippines,2017-02-07
311,Abagail,Yvens,ayvens8m@wired.com,Female,1976-02-02,China,2017-02-25
312,Helen-elizabeth,Rossbrooke,hrossbrooke8n@google.fr,Female,1990-07-12,China,2017-09-01
313,Doralynne,Cuckson,dcuckson8o@1688.com,Female,1984-07-16,Russia,2017-02-16
314,Martica,Heliot,mheliot8p@ibm.com,Female,1969-09-21,Mexico,2017-01-24
315,Lynnette,Relton,lrelton8q@ucla.edu,Female,1982-10-14,Iran,2017-06-22
316,Lana,Redmile,lredmile8r@scribd.com,Female,1968-12-21,Poland,2017-04-23
317,Gareth,Bullen,gbullen8s@hostgator.com,Male,1967-02-18,Japan,2017-07-07
318,Cherida,Gheeraert,cgheeraert8t@reverbnation.com,Female,1968-06-28,Sweden,2017-05-29
319,Emelyne,Slowgrave,eslowgrave8u@alexa.com,Female,1979-05-22,Greece,2016-10-14
320,Alford,Nolleth,anolleth8v@google.it,Male,1964-08-16,China,2016-12-30
321,Hattie,Binks,hbinks8w@stanford.edu,Female,1986-06-19,Finland,2017-06-30
322,Mella,Ertel,mertel8x@ted.com,Female,1987-05-09,Indonesia,2017-02-18
323,Tresa,Punt,tpunt8y@dagondesign.com,Female,1972-12-05,Nicaragua,2017-05-10
324,Ted,Enoch,tenoch8z@bloomberg.com,Male,1968-01-19,Philippines,2017-08-12
325,Adelice,Reisen,areisen90@answers.com,Female,1981-09-16,China,2017-01-09
326,Bevan,Boreham,bboreham91@vk.com,Male,1977-08-19,Malaysia,2017-05-08
327,Moore,Pentelow,mpentelow92@irs.gov,Male,1967-05-08,Venezuela,2017-02-14
328,Elnore,Gullefant,egullefant93@discovery.com,Female,1982-04-07,Thailand,2017-06-28
329,Sullivan,Eades,seades94@indiegogo.com,Male,1984-06-29,Belarus,2017-03-09
330,Cathryn,Ollcott,collcott95@lycos.com,Female,1963-06-25,Syria,2016-12-01
331,Andrea,Jandak,ajandak96@blinklist.com,Male,1975-02-13,China,2017-08-15
332,Garv,Winfindale,gwinfindale97@hugedomains.com,Male,1987-08-01,Sweden,2017-09-03
333,Bard,Cuttles,bcuttles98@studiopress.com,Male,1976-07-09,Antigua and Barbuda,2017-07-17
334,Lalo,Ludewig,lludewig99@github.io,Male,1969-04-09,Cuba,2017-02-15
335,Lexy,Notti,lnotti9a@virginia.edu,Female,1977-07-17,Sri Lanka,2017-09-14
336,Huberto,Eccleston,heccleston9b@printfriendly.com,Male,1974-02-26,Portugal,2017-02-26
337,Chris,Guly,cguly9c@answers.com,Male,1964-10-16,Brazil,2017-03-24
338,Flint,Midford,fmidford9d@instagram.com,Male,1986-07-04,Russia,2017-07-14
339,Alberto,Durbin,adurbin9e@usnews.com,Male,1978-01-30,Peru,2017-03-23
340,Reilly,Seaton,rseaton9f@apache.org,Male,1966-04-08,Iran,2016-12-08
341,Brinna,Wilbud,bwilbud9g@google.es,Female,1972-10-02,Belarus,2017-02-23
342,Bank,Petry,bpetry9h@uiuc.edu,Male,1975-06-21,Cuba,2017-05-25
343,Dori,Gollop,dgollop9i@homestead.com,Female,1963-06-28,Russia,2017-01-08
344,Bren,Back,bback9j@irs.gov,Female,1967-03-09,Brazil,2016-11-10
345,Aida,Scone,ascone9k@simplemachines.org,Female,1968-07-01,Iran,2017-05-06
346,Moreen,Huller,mhuller9l@scribd.com,Female,1981-01-23,Tunisia,2017-09-20
347,Viv,Blondel,vblondel9m@apache.org,Female,1985-12-27,Zimbabwe,2017-03-26
348,Brooke,Pibworth,bpibworth9n@house.gov,Male,1965-02-01,Angola,2017-05-05
349,Peri,Baynham,pbaynham9o@sakura.ne.jp,Female,1974-06-28,Canada,2016-12-21
350,Daron,Abbay,dabbay9p@china.com.cn,Female,1976-03-22,Philippines,2016-10-26
351,Mirelle,Kirgan,mkirgan9q@chicagotribune.com,Female,1972-06-05,China,2017-08-06
352,Elden,Aitken,eaitken9r@amazon.com,Male,1963-03-18,Indonesia,2016-10-14
353,Costanza,Christie,cchristie9s@plala.or.jp,Female,1971-05-16,China,2017-02-27
354,Buiron,Rutley,brutley9t@fc2.com,Male,1990-03-01,France,2016-10-24
355,Jayson,Hirjak,jhirjak9u@shareasale.com,Male,1986-08-09,Indonesia,2016-12-25
356,Lou,Breslin,lbreslin9v@gov.uk,Male,1963-09-23,Greece,2017-03-09
357,Vilma,Rowly,vrowly9w@spiegel.de,Female,1970-06-16,Indonesia,2017-04-06
358,Dorita,Sillito,dsillito9x@umn.edu,Female,1987-02-19,Portugal,2016-12-29
359,Madge,Purvis,mpurvis9y@list-manage.com,Female,1970-07-19,Tunisia,2017-03-22
360,Sally,Scaice,sscaice9z@vistaprint.com,Female,1979-02-18,Brazil,2017-03-04
361,Jaclyn,Matthewes,jmatthewesa0@reuters.com,Female,1968-08-30,Philippines,2017-06-18
362,Zelig,Bencher,zbenchera1@ow.ly,Male,1983-11-05,Uzbekistan,2017-06-17
363,Cariotta,Hollingsbee,chollingsbeea2@dagondesign.com,Female,1965-10-14,Brazil,2016-11-08
364,Nissie,Muslim,nmuslima3@unesco.org,Female,1984-07-18,Japan,2017-04-12
365,Regan,Macieja,rmaciejaa4@stumbleupon.com,Female,1966-01-03,Indonesia,2017-02-05
366,Violetta,Bew,vbewa5@apple.com,Female,1973-08-31,United States,2017-05-18
367,Phaedra,Bernet,pberneta6@desdev.cn,Female,1983-09-16,Philippines,2017-05-19
368,Giffie,Mora,gmoraa7@slashdot.org,Male,1963-02-11,Dominican Republic,2016-12-19
369,Finley,Cadding,fcaddinga8@cafepress.com,Male,1990-06-26,Malaysia,2017-01-29
370,Fidelia,Sillett,fsilletta9@ucoz.com,Female,1980-04-12,Philippines,2017-04-30
371,Bone,Parsons,bparsonsaa@dropbox.com,Male,1964-02-03,Ethiopia,2017-03-01
372,Vachel,Munns,vmunnsab@shareasale.com,Male,1976-07-02,United States,2016-12-08
373,Crissy,Pococke,cpocockeac@tamu.edu,Female,1988-03-10,Nigeria,2017-09-10
374,Bunni,Kliemchen,bkliemchenad@xrea.com,Female,1963-06-25,Canada,2017-03-10
375,Israel,Secretan,isecretanae@smugmug.com,Male,1986-10-14,Ireland,2017-07-06
376,Maurise,Daykin,mdaykinaf@dmoz.org,Male,1964-02-06,Portugal,2017-02-03
377,Rica,Davern,rdavernag@businessweek.com,Female,1989-11-13,Kuwait,2017-09-13
378,Kendell,Drohun,kdrohunah@google.com,Male,1967-11-24,Brazil,2017-03-27
379,Kakalina,Bathowe,kbathoweai@indiegogo.com,Female,1981-10-17,Greece,2016-11-09
380,Joaquin,Hansana,jhansanaaj@sciencedirect.com,Male,1981-09-19,Sweden,2017-05-08
381,Brodie,Lourenco,blourencoak@indiatimes.com,Male,1964-04-07,France,2017-06-15
382,Lucky,Zecchetti,lzecchettial@newyorker.com,Female,1966-04-29,Slovenia,2016-10-25
383,Tymothy,Shardlow,tshardlowam@skyrock.com,Male,1979-04-27,Botswana,2017-07-10
384,Hedi,Haddington,hhaddingtonan@yahoo.co.jp,Female,1984-06-17,Russia,2017-01-11
385,Wakefield,Cowcha,wcowchaao@g.co,Male,1977-07-16,Indonesia,2016-10-26
386,Martie,Raittie,mraittieap@taobao.com,Female,1973-12-18,Indonesia,2017-05-25
387,Renard,Colum,rcolumaq@china.com.cn,Male,1978-05-12,Poland,2016-12-03
388,Grannie,Kennler,gkennlerar@ucsd.edu,Male,1975-07-19,China,2017-08-07
389,De,Goodall,dgoodallas@amazon.co.uk,Female,1968-02-13,Niger,2017-06-17
390,Kayle,Fisbey,kfisbeyat@kickstarter.com,Female,1983-04-09,Thailand,2017-08-18
391,Packston,Jayne,pjayneau@narod.ru,Male,1983-10-10,Albania,2017-08-21
392,Nanon,MacFadyen,nmacfadyenav@g.co,Female,1987-09-09,France,2016-12-25
393,Mari,Stuther,mstutheraw@surveymonkey.com,Female,1990-05-18,China,2017-01-17
394,Flemming,Hainge,fhaingeax@yolasite.com,Male,1979-11-07,Argentina,2017-02-15
395,Andy,Georgel,ageorgelay@sogou.com,Female,1969-07-23,Indonesia,2016-12-01
396,Fred,Salan,fsalanaz@pen.io,Male,1975-09-17,Argentina,2017-08-04
397,Silva,Gresswell,sgresswellb0@studiopress.com,Female,1971-08-17,Estonia,2017-01-15
398,Ellen,Hainey`,ehaineyb1@businesswire.com,Female,1989-09-06,Indonesia,2017-04-22
399,Antonietta,Davidovici,adavidovicib2@phpbb.com,Female,1966-07-25,Sweden,2017-03-27
400,Blondelle,Fenton,bfentonb3@simplemachines.org,Female,1978-08-17,China,2017-09-04
401,Saundra,Bonnor,sbonnorb4@pinterest.com,Male,1965-12-23,Albania,2017-07-21
402,Bartie,Crossdale,bcrossdaleb5@hao123.com,Male,1978-01-02,China,2017-09-05
403,Tally,Dacombe,tdacombeb6@amazon.com,Male,1973-01-01,France,2017-04-23
404,Hamlin,Josephsen,hjosephsenb7@sbwire.com,Male,1989-05-16,Ireland,2017-03-10
405,Antoinette,Kerrane,akerraneb8@exblog.jp,Female,1984-09-22,Ukraine,2017-09-06
406,Waylin,Bulger,wbulgerb9@angelfire.com,Male,1987-04-09,China,2017-09-06
407,Emera,Maple,emapleba@jimdo.com,Female,1989-08-05,China,2017-09-01
408,Trula,Robertucci,trobertuccibb@amazon.co.uk,Female,1973-04-19,Brazil,2017-04-22
409,Madelina,Algore,malgorebc@harvard.edu,Female,1963-11-30,Brazil,2016-11-26
410,Melessa,Sambals,msambalsbd@mozilla.org,Female,1975-11-25,Uganda,2017-07-08
411,Niven,Dewsnap,ndewsnapbe@pinterest.com,Male,1972-12-24,Indonesia,2017-01-15
412,Kristopher,Burwell,kburwellbf@theatlantic.com,Male,1966-04-25,Portugal,2017-09-23
413,Antoinette,Cottill,acottillbg@spotify.com,Female,1979-10-11,Indonesia,2017-07-21
414,Jenifer,Pigne,jpignebh@nationalgeographic.com,Female,1976-07-01,Japan,2017-05-18
415,Durant,Bucktharp,dbucktharpbi@meetup.com,Male,1967-04-23,China,2017-05-03
416,Christian,Richen,crichenbj@delicious.com,Female,1973-10-28,France,2017-02-24
417,Kore,Crosio,kcrosiobk@scribd.com,Female,1973-12-04,Serbia,2017-01-02
418,Efrem,Eckhard,eeckhardbl@cdc.gov,Male,1977-01-17,Honduras,2017-07-22
419,Shawna,Trundler,strundlerbm@discovery.com,Female,1989-10-19,Russia,2017-09-16
420,Bendix,Prangley,bprangleybn@usa.gov,Male,1986-11-28,Canada,2017-03-30
421,Evie,Nijssen,enijssenbo@reference.com,Female,1979-05-15,Togo,2017-04-08
422,Jinny,Aymeric,jaymericbp@ifeng.com,Female,1989-08-08,China,2017-08-13
423,Sheela,Lassell,slassellbq@amazonaws.com,Female,1984-06-27,Pakistan,2016-10-25
424,Sawyer,Willetts,swillettsbr@quantcast.com,Male,1970-08-19,Guatemala,2017-07-17
425,Katine,Tutill,ktutillbs@berkeley.edu,Female,1987-09-18,Sweden,2017-05-26
426,Norbert,Merring,nmerringbt@bing.com,Male,1988-08-12,Portugal,2017-07-29
427,Denny,Vahey,dvaheybu@census.gov,Male,1981-05-21,Indonesia,2017-06-29
428,Horatia,Sauven,hsauvenbv@infoseek.co.jp,Female,1983-04-30,Argentina,2017-09-20
429,Kristofor,Putten,kputtenbw@icio.us,Male,1982-07-29,China,2017-07-14
430,Lizbeth,Braidwood,lbraidwoodbx@google.es,Female,1989-12-16,Russia,2017-08-10
431,Dierdre,Harnott,dharnottby@dot.gov,Female,1963-03-14,Ukraine,2017-05-01
432,Durant,Lepper,dlepperbz@qq.com,Male,1988-04-05,Russia,2017-04-19
433,Mureil,Minto,mmintoc0@sohu.com,Female,1985-10-23,Indonesia,2016-10-18
434,Hilda,Ouldcott,houldcottc1@cam.ac.uk,Female,1972-08-17,France,2017-05-07
435,Zelig,O'Sherin,zosherinc2@ebay.com,Male,1982-04-23,Poland,2017-02-20
436,Phillipp,Leggott,pleggottc3@tmall.com,Male,1965-08-08,Argentina,2017-03-19
437,Bertie,Northgraves,bnorthgravesc4@google.co.jp,Female,1985-09-09,Philippines,2016-12-23
438,Xever,Olenov,xolenovc5@reuters.com,Male,1976-02-07,China,2017-03-10
439,Rupert,Babinski,rbabinskic6@newyorker.com,Male,1979-06-08,Japan,2016-10-14
440,Ugo,Wellum,uwellumc7@cbslocal.com,Male,1982-09-26,Pakistan,2017-03-07
441,Astrid,Scopyn,ascopync8@scribd.com,Female,1985-10-01,China,2017-10-01
442,Bea,Marven,bmarvenc9@nydailynews.com,Female,1986-05-25,Germany,2017-01-13
443,Hanna,Marsham,hmarshamca@printfriendly.com,Female,1967-11-15,Sweden,2017-01-17
444,Elwin,Aldine,ealdinecb@imageshack.us,Male,1983-11-30,China,2017-01-29
445,Burnaby,Danilyuk,bdanilyukcc@360.cn,Male,1969-11-05,Croatia,2017-05-08
446,Celestia,Stileman,cstilemancd@upenn.edu,Female,1974-02-22,Portugal,2017-06-06
447,Anthea,Braunds,abraundsce@artisteer.com,Female,1978-08-22,Portugal,2017-02-26
448,Smitty,Bourgeois,sbourgeoiscf@angelfire.com,Male,1977-06-22,Philippines,2017-02-08
449,Uriel,Norcutt,unorcuttcg@t-online.de,Male,1988-10-06,Tunisia,2017-05-15
450,Stanton,Guitton,sguittonch@ustream.tv,Male,1986-05-16,Ireland,2016-11-16
451,Nancie,Pinwell,npinwellci@patch.com,Female,1982-04-13,Indonesia,2017-09-12
452,Elmer,Riediger,eriedigercj@over-blog.com,Male,1972-02-28,Portugal,2017-08-03
453,Arley,Nelle,anelleck@liveinternet.ru,Male,1975-06-04,Canada,2017-02-28
454,Normy,O'Brogan,nobrogancl@delicious.com,Male,1972-04-02,Kuwait,2017-01-15
455,Cathrine,Philipson,cphilipsoncm@php.net,Female,1983-05-22,Canada,2016-10-17
456,Etan,Skene,eskenecn@vinaora.com,Male,1986-10-18,Vietnam,2016-12-16
457,Lizzie,Holgan,lholganco@miitbeian.gov.cn,Female,1985-07-23,Philippines,2017-07-10
458,Skelly,Gellier,sgelliercp@yolasite.com,Male,1982-12-21,Indonesia,2017-05-14
459,Maximilien,Parsell,mparsellcq@npr.org,Male,1963-07-04,China,2016-11-12
460,Tatiana,Osgordby,tosgordbycr@gnu.org,Female,1988-03-23,Mexico,2016-12-09
461,Jere,Sandiford,jsandifordcs@paypal.com,Male,1983-06-24,Somalia,2017-05-08
462,Demetri,Hyndley,dhyndleyct@merriam-webster.com,Male,1982-10-26,Poland,2017-03-07
463,Ted,Chiechio,tchiechiocu@youtu.be,Male,1975-08-17,Portugal,2017-08-05
464,Kordula,Tolussi,ktolussicv@opensource.org,Female,1972-10-15,Portugal,2017-08-21
465,Meaghan,Ferran,mferrancw@va.gov,Female,1985-02-03,Brazil,2017-01-27
466,Sophia,Mart,smartcx@tuttocitta.it,Female,1965-08-27,Ukraine,2017-01-21
467,Brook,Mathivon,bmathivoncy@creativecommons.org,Male,1979-08-20,Philippines,2017-02-26
468,Lusa,Obern,loberncz@surveymonkey.com,Female,1982-05-10,South Africa,2016-10-11
469,Anne-corinne,Knowlden,aknowldend0@indiegogo.com,Female,1981-02-07,Democratic Republic of the Congo,2017-07-10
470,Ariel,Ebenezer,aebenezerd1@hao123.com,Male,1983-09-10,Mexico,2016-10-28
471,Jayson,Ker,jkerd2@cnet.com,Male,1980-06-18,China,2017-09-19
472,Purcell,Bavester,pbavesterd3@sciencedaily.com,Male,1981-07-24,Egypt,2016-10-30
473,Brantley,Haye,bhayed4@state.gov,Male,1964-07-05,China,2017-02-16
474,Uriel,Gilroy,ugilroyd5@comcast.net,Male,1969-01-21,Ukraine,2017-09-28
475,Merrili,Spours,mspoursd6@forbes.com,Female,1983-02-07,Syria,2017-03-15
476,Zak,Abrams,zabramsd7@businesswire.com,Male,1986-06-08,Indonesia,2016-12-09
477,Reginald,Daglish,rdaglishd8@google.cn,Male,1982-06-27,Brazil,2017-05-04
478,Britteny,Sellstrom,bsellstromd9@tripadvisor.com,Female,1987-02-26,Ireland,2016-11-13
479,Pru,Skeath,pskeathda@yelp.com,Female,1965-08-20,Macedonia,2016-12-09
480,Tyrone,Gisburn,tgisburndb@hatena.ne.jp,Male,1973-09-24,Canada,2017-06-03
481,Regan,Spire,rspiredc@miibeian.gov.cn,Male,1985-04-21,China,2016-10-02
482,Fax,Slyme,fslymedd@t-online.de,Male,1963-09-08,China,2017-03-28
483,Monro,Merricks,mmerricksde@plala.or.jp,Male,1969-08-18,Ireland,2017-08-30
484,Erastus,Blandford,eblandforddf@wunderground.com,Male,1972-06-05,Brazil,2017-08-02
485,Anstice,Hiscoke,ahiscokedg@ovh.net,Female,1982-10-10,Russia,2017-06-12
486,Starlin,Folbigg,sfolbiggdh@nyu.edu,Female,1970-02-01,Armenia,2017-08-05
487,Quentin,Letford,qletforddi@tuttocitta.it,Female,1990-09-20,Iran,2017-01-14
488,Winny,Herculeson,wherculesondj@e-recht24.de,Male,1969-03-05,Pakistan,2017-06-21
489,Patin,Dollimore,pdollimoredk@aboutads.info,Male,1965-06-07,Sweden,2017-06-01
490,Judas,Haggidon,jhaggidondl@quantcast.com,Male,1986-12-19,Isle of Man,2016-11-09
491,Rici,Bolden,rboldendm@mysql.com,Female,1976-11-10,Brazil,2016-11-29
492,Ileane,Ingley,iingleydn@icq.com,Female,1980-08-03,Indonesia,2016-12-22
493,Patti,Westcarr,pwestcarrdo@nytimes.com,Female,1980-11-29,Ethiopia,2017-05-25
494,Dannie,Redemile,dredemiledp@guardian.co.uk,Female,1967-08-14,Sierra Leone,2017-07-15
495,D'arcy,Haxby,dhaxbydq@youtube.com,Male,1977-11-08,Argentina,2017-07-12
496,Heda,Whisson,hwhissondr@dion.ne.jp,Female,1978-11-06,Iran,2017-01-08
497,Tally,Tourville,ttourvilleds@123-reg.co.uk,Female,1975-02-12,Indonesia,2017-01-26
498,Tremayne,Wolstencroft,twolstencroftdt@stanford.edu,Male,1972-12-18,Guinea,2017-05-12
499,Briney,Moubray,bmoubraydu@telegraph.co.uk,Female,1970-08-27,Indonesia,2017-08-13
500,Edward,Locard,elocarddv@yellowpages.com,Male,1986-01-13,China,2017-01-27
501,Ave,Stoad,astoaddw@wufoo.com,Male,1968-03-10,Albania,2017-08-20
502,Mattheus,Aldine,maldinedx@timesonline.co.uk,Male,1987-04-16,China,2017-07-24
503,Urban,Tyson,utysondy@domainmarket.com,Male,1977-01-29,Finland,2017-08-03
504,Bernete,Best,bbestdz@list-manage.com,Female,1980-10-25,Philippines,2017-08-27
505,Dion,Stampfer,dstampfere0@woothemes.com,Female,1981-10-05,Brazil,2017-01-07
506,Kelila,Arber,karbere1@samsung.com,Female,1985-02-21,Uruguay,2017-03-20
507,Kirstin,Cunney,kcunneye2@ehow.com,Female,1980-05-31,Canada,2016-11-22
508,Yetta,Tytterton,ytyttertone3@irs.gov,Female,1984-03-19,Indonesia,2016-12-27
509,Emmett,Costy,ecostye4@about.me,Male,1976-06-09,Sweden,2016-11-03
510,Harrietta,Oldcote,holdcotee5@globo.com,Female,1970-06-08,China,2016-10-04
511,Frasquito,Burdis,fburdise6@dedecms.com,Male,1985-05-08,China,2016-11-29
512,Jackson,Dragoe,jdragoee7@rakuten.co.jp,Male,1984-12-07,Malaysia,2017-08-08
513,Davidson,Whiteland,dwhitelande8@jimdo.com,Male,1990-09-02,Bangladesh,2016-11-29
514,Baron,Dellenty,bdellentye9@bloglovin.com,Male,1968-02-23,Yemen,2016-12-03
515,Zia,Brandenberg,zbrandenbergea@lycos.com,Female,1978-07-01,China,2017-05-10
516,Renee,Crang,rcrangeb@narod.ru,Female,1969-02-28,China,2017-09-17
517,Tabbatha,Timberlake,ttimberlakeec@1688.com,Female,1963-12-30,Czech Republic,2017-03-01
518,Chauncey,Bourgeois,cbourgeoised@drupal.org,Male,1979-12-10,Russia,2016-11-11
519,Mandie,Crotch,mcrotchee@guardian.co.uk,Female,1972-05-10,China,2017-04-05
520,Kimberly,Ruddell,kruddellef@virginia.edu,Female,1973-05-19,Paraguay,2016-10-14
521,Mar,Aldam,maldameg@va.gov,Male,1982-01-18,Macedonia,2017-01-07
522,Shermy,Hastwall,shastwalleh@sourceforge.net,Male,1987-04-07,Peru,2017-09-24
523,Davida,Doogue,ddoogueei@wikia.com,Female,1966-04-13,Philippines,2017-06-28
524,Burr,Matthessen,bmatthessenej@miibeian.gov.cn,Male,1975-01-16,Egypt,2017-04-24
525,Bryanty,Willshaw,bwillshawek@pcworld.com,Male,1964-02-09,Portugal,2017-06-06
526,Alia,Chrisp,achrispel@aboutads.info,Female,1988-10-11,China,2017-02-27
527,Harp,Geldeford,hgeldefordem@hugedomains.com,Male,1965-07-25,Indonesia,2017-02-21
528,Pebrook,Sargood,psargooden@chicagotribune.com,Male,1971-02-11,Brazil,2017-09-02
529,Sheridan,Fletham,sflethameo@lycos.com,Male,1968-05-12,China,2016-10-30
530,Reuben,Sindle,rsindleep@ovh.net,Male,1978-07-29,Argentina,2017-02-20
531,Elias,Orsman,eorsmaneq@google.co.jp,Male,1986-12-28,Thailand,2016-10-19
532,Demetria,Oury,douryer@merriam-webster.com,Female,1979-08-17,Sweden,2016-12-21
533,Sher,Moraleda,smoraledaes@sourceforge.net,Female,1972-07-25,China,2017-01-18
534,Charo,Salmon,csalmonet@squidoo.com,Female,1982-08-06,Portugal,2017-06-09
535,Nedda,Beaney,nbeaneyeu@cmu.edu,Female,1963-08-16,China,2017-06-11
536,Dodie,Swadlinge,dswadlingeev@wordpress.com,Female,1978-04-18,Japan,2016-12-04
537,Arman,Kenrick,akenrickew@indiegogo.com,Male,1968-08-14,Peru,2016-11-15
538,Frannie,Bagniuk,fbagniukex@narod.ru,Male,1990-08-14,Brazil,2016-11-06
539,Charmain,Skingley,cskingleyey@deviantart.com,Female,1982-09-03,Philippines,2017-01-30
540,Woodrow,Phidgin,wphidginez@cdbaby.com,Male,1979-03-15,Lithuania,2016-10-26
541,Shane,Robertot,srobertotf0@amazonaws.com,Male,1980-01-17,Indonesia,2016-10-27
542,Verina,Clyde,vclydef1@youtu.be,Female,1968-11-01,Mexico,2017-06-28
543,Dorette,De Lisle,ddelislef2@archive.org,Female,1984-08-19,Mongolia,2017-02-09
544,Briney,Leopard,bleopardf3@harvard.edu,Female,1966-05-02,Indonesia,2017-07-27
545,Enrico,Gomery,egomeryf4@pen.io,Male,1987-05-16,Indonesia,2016-11-02
546,Nanni,Harsnep,nharsnepf5@nasa.gov,Female,1986-06-11,Macedonia,2017-06-10
547,Rianon,Pree,rpreef6@quantcast.com,Female,1982-11-04,Malaysia,2017-02-17
548,Rees,Barnhart,rbarnhartf7@tripadvisor.com,Male,1984-08-20,China,2016-10-18
549,Walsh,Wanne,wwannef8@ucla.edu,Male,1964-02-11,Sri Lanka,2017-02-16
550,Padraic,Courage,pcouragef9@theguardian.com,Male,1982-06-11,Indonesia,2016-10-02
551,Mei,Teather,mteatherfa@google.it,Female,1988-09-03,China,2017-08-16
552,Erskine,Du Plantier,eduplantierfb@craigslist.org,Male,1963-09-03,Philippines,2017-01-05
553,Kristo,Pahler,kpahlerfc@mail.ru,Male,1972-02-06,Italy,2016-12-30
554,Horst,Vaughan-Hughes,hvaughanhughesfd@china.com.cn,Male,1971-09-15,China,2017-01-31
555,Letti,Patient,lpatientfe@moonfruit.com,Female,1975-08-03,Philippines,2017-06-04
556,Cherry,Meddings,cmeddingsff@discuz.net,Female,1987-04-30,France,2017-03-09
557,Jaquelin,Finneran,jfinneranfg@google.de,Female,1990-09-20,Portugal,2016-10-10
558,Millisent,Carayol,mcarayolfh@psu.edu,Female,1970-09-13,United States,2017-04-18
559,Barthel,Isakov,bisakovfi@statcounter.com,Male,1978-02-21,Argentina,2016-11-22
560,Cahra,Loble,cloblefj@elegantthemes.com,Female,1964-07-18,France,2017-07-05
561,Dorree,MacCourt,dmaccourtfk@census.gov,Female,1966-12-21,China,2017-08-27
562,Norman,McNirlan,nmcnirlanfl@studiopress.com,Male,1985-09-26,Indonesia,2017-04-25
563,Bernardine,Bloore,bbloorefm@go.com,Female,1971-11-04,Indonesia,2016-12-31
564,Derrik,Fraczak,dfraczakfn@opensource.org,Male,1990-03-12,Russia,2017-05-21
565,Caroljean,Kyneton,ckynetonfo@ovh.net,Female,1986-07-29,China,2017-08-11
566,Yoshiko,Harsent,yharsentfp@blogger.com,Female,1973-01-20,France,2016-12-17
567,Clevey,Huckleby,chucklebyfq@engadget.com,Male,1966-07-12,Indonesia,2017-02-21
568,Cynthy,Cawcutt,ccawcuttfr@php.net,Female,1976-11-30,Poland,2017-04-19
569,Torre,Kohrsen,tkohrsenfs@ning.com,Male,1967-10-07,Colombia,2016-10-03
570,Hewitt,Muckloe,hmuckloeft@dedecms.com,Male,1985-08-27,China,2017-07-15
571,Skippie,Ruppeli,sruppelifu@un.org,Male,1969-09-10,Philippines,2017-05-08
572,Hamnet,Stenbridge,hstenbridgefv@dyndns.org,Male,1969-03-01,Brazil,2017-08-28
573,Colver,Snoxall,csnoxallfw@vinaora.com,Male,1985-03-05,Indonesia,2017-09-10
574,Had,Caunt,hcauntfx@netscape.com,Male,1968-07-31,Mongolia,2017-02-17
575,Faina,Beeson,fbeesonfy@scribd.com,Female,1972-12-07,Indonesia,2017-06-04
576,Woodman,Vaissiere,wvaissierefz@wordpress.com,Male,1987-07-13,Botswana,2017-04-20
577,Bessy,Daintier,bdaintierg0@bloglovin.com,Female,1990-04-18,Colombia,2016-11-10
578,Kelley,Brannigan,kbrannigang1@baidu.com,Male,1975-07-01,China,2017-05-23
579,Rolph,Whittam,rwhittamg2@istockphoto.com,Male,1964-11-12,Guinea,2016-12-09
580,Lauren,Wormleighton,lwormleightong3@lulu.com,Female,1968-06-14,China,2017-01-22
581,Wileen,Oughtright,woughtrightg4@amazon.co.uk,Female,1979-10-25,Russia,2017-01-22
582,Garnet,Krook,gkrookg5@issuu.com,Female,1963-02-12,Colombia,2016-10-21
583,Filberte,Caroline,fcarolineg6@elegantthemes.com,Male,1979-10-19,United States,2016-10-27
584,Dominica,Killshaw,dkillshawg7@fda.gov,Female,1988-04-10,Russia,2017-02-27
585,Kennedy,Linkie,klinkieg8@dailymotion.com,Male,1977-05-28,Nigeria,2017-08-08
586,Jere,Klezmski,jklezmskig9@nih.gov,Female,1966-10-03,Uruguay,2017-09-16
587,Dale,Castagno,dcastagnoga@hostgator.com,Male,1965-01-20,Canada,2017-01-09
588,Archambault,Lilford,alilfordgb@businesswire.com,Male,1988-07-05,Guinea,2016-10-06
589,Ingram,Orhrt,iorhrtgc@qq.com,Male,1983-10-12,China,2017-05-29
590,Marlee,Kohrs,mkohrsgd@wiley.com,Female,1975-01-24,Brazil,2016-12-22
591,Devina,Frankes,dfrankesge@prweb.com,Female,1973-10-20,Philippines,2016-10-26
592,Ellary,Driffill,edriffillgf@parallels.com,Male,1973-02-27,Brazil,2016-10-22
593,Tate,Embling,temblinggg@gov.uk,Female,1968-12-09,Russia,2016-10-25
594,Rori,Apps,rappsgh@technorati.com,Female,1973-01-08,Indonesia,2016-10-24
595,Dotty,Pautot,dpautotgi@narod.ru,Female,1979-02-24,Mali,2016-10-22
596,Christiana,Maharg,cmaharggj@blogtalkradio.com,Female,1965-07-25,China,2017-05-15
597,Glen,Moring,gmoringgk@discovery.com,Male,1984-09-09,Egypt,2017-06-04
598,Urbain,Rummins,urumminsgl@opera.com,Male,1965-02-21,Indonesia,2017-03-18
599,Agosto,Humbert,ahumbertgm@soundcloud.com,Male,1984-08-09,Argentina,2017-02-20
600,Brigitta,Milch,bmilchgn@newsvine.com,Female,1965-04-11,China,2017-08-17
601,Thomas,Osbourn,tosbourngo@linkedin.com,Male,1967-08-08,Indonesia,2017-07-02
602,Ambur,Newick,anewickgp@europa.eu,Female,1989-07-02,Kazakhstan,2017-06-28
603,Doris,Bratton,dbrattongq@phpbb.com,Female,1982-07-24,Mexico,2017-07-09
604,Hewett,Tinan,htinangr@bbc.co.uk,Male,1980-09-06,Philippines,2017-07-06
605,Wallace,McDonnell,wmcdonnellgs@webnode.com,Male,1985-07-12,Indonesia,2017-05-08
606,Richart,O'Scollain,roscollaingt@answers.com,Male,1987-12-11,Russia,2017-01-24
607,Myles,Paffitt,mpaffittgu@cam.ac.uk,Male,1966-02-24,Indonesia,2017-07-03
608,Ursulina,Rowberry,urowberrygv@flickr.com,Female,1980-11-12,Indonesia,2017-09-09
609,Derrick,Oakly,doaklygw@dell.com,Male,1969-07-28,Philippines,2017-09-10
610,Shirleen,Cawsby,scawsbygx@amazonaws.com,Female,1978-10-30,China,2017-07-24
611,Raddie,Henryson,rhenrysongy@answers.com,Male,1974-02-04,Greece,2017-09-15
612,Garfield,Oakhill,goakhillgz@harvard.edu,Male,1974-07-08,China,2016-12-09
613,Kassie,Mulvenna,kmulvennah0@wired.com,Female,1969-03-19,Thailand,2017-03-18
614,Mannie,Howford,mhowfordh1@nps.gov,Male,1983-07-22,Belarus,2017-09-20
615,Casey,Bennett,cbennetth2@marriott.com,Male,1972-12-12,Philippines,2017-07-25
616,Delmer,Ratt,dratth3@biblegateway.com,Male,1986-11-01,South Africa,2017-07-10
617,Melly,Foad,mfoadh4@drupal.org,Female,1966-02-25,Indonesia,2017-05-06
618,Audi,Saipy,asaipyh5@weibo.com,Female,1972-03-15,France,2016-10-20
619,Aylmer,Hunt,ahunth6@ovh.net,Male,1979-11-27,China,2017-09-07
620,Marissa,Elliker,mellikerh7@cyberchimps.com,Female,1981-08-24,Peru,2017-03-13
621,Corenda,Copes,ccopesh8@yale.edu,Female,1976-12-02,El Salvador,2016-12-12
622,Mick,Jarnell,mjarnellh9@mac.com,Male,1980-06-17,Norway,2017-05-23
623,Sandye,Stigell,sstigellha@comsenz.com,Female,1966-07-11,Venezuela,2017-07-31
624,Albert,Ikin,aikinhb@google.cn,Male,1989-10-09,Vietnam,2016-12-13
625,Rudd,Loding,rlodinghc@dion.ne.jp,Male,1978-06-15,Indonesia,2016-10-05
626,Luciano,Leathe,lleathehd@alexa.com,Male,1988-05-02,Pakistan,2017-06-09
627,Gar,Orchart,gorcharthe@pcworld.com,Male,1982-12-10,China,2017-03-22
628,Opal,Bozward,obozwardhf@noaa.gov,Female,1969-10-30,Chile,2017-03-29
629,Ardenia,Gonnard,agonnardhg@guardian.co.uk,Female,1987-01-15,Macedonia,2017-02-11
630,Orran,Postan,opostanhh@wunderground.com,Male,1969-04-29,China,2017-05-23
631,Welby,Dahlbom,wdahlbomhi@wix.com,Male,1963-05-15,China,2017-09-26
632,Fredek,Kubalek,fkubalekhj@addtoany.com,Male,1977-09-01,Greece,2017-02-07
633,Reggi,Lettley,rlettleyhk@redcross.org,Female,1967-12-12,China,2017-09-04
634,Alfi,Fielder,afielderhl@wisc.edu,Female,1982-02-10,Czech Republic,2016-11-30
635,Lemmie,MacFadzan,lmacfadzanhm@zdnet.com,Male,1968-02-03,United States,2016-12-14
636,Bella,Kruschev,bkruschevhn@eepurl.com,Female,1967-05-10,China,2017-09-11
637,Fabiano,Ohm,fohmho@weibo.com,Male,1979-05-18,Czech Republic,2017-04-09
638,Morey,Marwood,mmarwoodhp@skype.com,Male,1983-07-04,Albania,2017-05-05
639,Terrie,Dowdam,tdowdamhq@newyorker.com,Female,1971-05-22,China,2016-12-11
640,Baird,Upstone,bupstonehr@google.com.hk,Male,1963-09-21,Serbia,2017-09-02
641,Hasheem,Littler,hlittlerhs@istockphoto.com,Male,1986-12-07,Kyrgyzstan,2017-03-18
642,Celestia,Grayer,cgrayerht@economist.com,Female,1978-11-12,Serbia,2017-05-24
643,Gayel,Simmell,gsimmellhu@who.int,Female,1976-11-24,Brazil,2017-06-13
644,Joletta,Cardello,jcardellohv@seesaa.net,Female,1986-05-16,Sweden,2017-01-09
645,Bruis,Buckam,bbuckamhw@bravesites.com,Male,1967-10-29,China,2017-02-13
646,Hally,Tynewell,htynewellhx@mtv.com,Female,1969-08-25,China,2017-07-23
647,Marla,Dimitrie,mdimitriehy@ucoz.com,Female,1967-07-23,Thailand,2017-04-27
648,Marie-jeanne,Boucher,mboucherhz@mapquest.com,Female,1979-05-02,Czech Republic,2016-11-08
649,Celestyn,Yalden,cyaldeni0@fema.gov,Female,1975-11-10,China,2016-11-24
650,Boris,Guess,bguessi1@nbcnews.com,Male,1977-03-09,Brazil,2017-08-13
651,Cordy,Carlesso,ccarlessoi2@chron.com,Female,1976-07-16,Russia,2017-01-30
652,Hannah,Giamelli,hgiamellii3@arizona.edu,Female,1974-10-21,Philippines,2017-03-10
653,Jone,Duplock,jduplocki4@123-reg.co.uk,Male,1978-12-11,Indonesia,2017-06-20
654,Nara,Sanchiz,nsanchizi5@mtv.com,Female,1971-10-28,China,2017-05-07
655,Faydra,Crispe,fcrispei6@acquirethisname.com,Female,1987-07-10,Mongolia,2017-09-30
656,Milka,Edgeworth,medgeworthi7@surveymonkey.com,Female,1977-04-28,China,2017-04-08
657,Madelon,Readshaw,mreadshawi8@bloglovin.com,Female,1983-07-20,France,2017-03-04
658,Gun,Fyldes,gfyldesi9@jigsy.com,Male,1987-12-08,Philippines,2017-07-08
659,Nerta,Trathen,ntrathenia@wikia.com,Female,1978-08-29,Philippines,2017-06-04
660,Ingamar,Siebart,isiebartib@jugem.jp,Male,1981-12-04,Spain,2016-11-27
661,Dorie,Gillmore,dgillmoreic@rambler.ru,Male,1967-01-26,Indonesia,2017-02-19
662,Aila,Grishechkin,agrishechkinid@wp.com,Female,1973-06-12,Ukraine,2017-03-31
663,Griswold,Bail,gbailie@netvibes.com,Male,1987-03-29,Mexico,2017-02-02
664,Haily,Blabie,hblabieif@businesswire.com,Female,1963-09-14,Mongolia,2017-01-23
665,Garnet,Rapa,grapaig@dot.gov,Female,1974-09-28,Indonesia,2016-12-07
666,Calhoun,Rowbottom,crowbottomih@hao123.com,Male,1970-09-21,China,2017-03-26
667,Jackie,Twentyman,jtwentymanii@icio.us,Female,1969-02-04,Philippines,2017-01-01
668,Erinn,Redwing,eredwingij@npr.org,Female,1966-08-16,Indonesia,2016-12-26
669,Lamond,Rocca,lroccaik@mediafire.com,Male,1967-02-15,Peru,2017-04-03
670,Karney,Barmby,kbarmbyil@issuu.com,Male,1973-06-16,Armenia,2017-03-30
671,Dniren,Felten,dfeltenim@china.com.cn,Female,1979-06-27,Thailand,2017-04-14
672,Josselyn,Cheyenne,jcheyennein@xrea.com,Female,1983-10-21,Germany,2017-04-18
673,Filbert,Kun,fkunio@issuu.com,Male,1963-06-17,Russia,2017-06-09
674,Jessey,Pennino,jpenninoip@goo.gl,Male,1982-02-11,China,2016-11-13
675,Adena,Norledge,anorledgeiq@reuters.com,Female,1985-12-01,Cyprus,2017-04-03
676,Rhetta,Pitsall,rpitsallir@yahoo.co.jp,Female,1972-10-04,Russia,2017-05-26
677,Arley,Porson,aporsonis@tmall.com,Male,1990-03-06,China,2016-10-18
678,Roobbie,Ripon,rriponit@t-online.de,Female,1985-03-25,Brazil,2016-11-16
679,Maurie,Premble,mprembleiu@si.edu,Male,1980-02-20,Indonesia,2016-10-21
680,Betsy,Challoner,bchalloneriv@europa.eu,Female,1980-09-26,China,2017-01-17
681,Konrad,Whittock,kwhittockiw@seattletimes.com,Male,1984-12-09,China,2017-06-05
682,Alonzo,Solloway,asollowayix@businessinsider.com,Male,1970-03-30,China,2016-12-08
683,Sandy,Filliskirk,sfilliskirkiy@opera.com,Female,1975-08-19,Philippines,2017-03-29
684,Noelle,Aubrun,naubruniz@qq.com,Female,1979-09-05,China,2016-11-25
685,Boris,Ratley,bratleyj0@independent.co.uk,Male,1985-09-25,Portugal,2017-06-27
686,Brooks,Stimson,bstimsonj1@google.it,Male,1965-07-01,Albania,2017-08-18
687,Iain,Schwartz,ischwartzj2@eventbrite.com,Male,1962-12-24,China,2017-02-26
688,Andrey,Wilse,awilsej3@ning.com,Male,1979-03-08,Brazil,2017-09-30
689,Ardeen,Bohman,abohmanj4@netlog.com,Female,1973-10-25,Russia,2017-04-30
690,Neil,Jonke,njonkej5@google.com.hk,Male,1978-12-27,Poland,2017-06-29
691,Audy,Grund,agrundj6@youku.com,Female,1980-01-10,Azerbaijan,2016-10-08
692,Oates,Dofty,odoftyj7@google.it,Male,1976-09-21,Indonesia,2017-09-08
693,Jayson,Berthe,jberthej8@uol.com.br,Male,1989-08-31,Bangladesh,2016-12-10
694,Tanitansy,Pitherick,tpitherickj9@goodreads.com,Female,1975-03-26,Philippines,2017-08-09
695,Gertrudis,Mewton,gmewtonja@unblog.fr,Female,1984-07-05,South Korea,2016-12-27
696,Chlo,Buxey,cbuxeyjb@gizmodo.com,Female,1966-05-17,France,2017-04-26
697,Conway,Snary,csnaryjc@comcast.net,Male,1983-08-31,China,2016-10-08
698,Arlyne,Hillhouse,ahillhousejd@themeforest.net,Female,1967-12-25,Russia,2016-12-16
699,Jeffrey,Larkworthy,jlarkworthyje@nature.com,Male,1973-05-23,Canada,2016-12-30
700,Valina,Masic,vmasicjf@oaic.gov.au,Female,1989-10-25,Indonesia,2016-12-08
701,Onfroi,Gowanson,ogowansonjg@wisc.edu,Male,1980-04-10,South Africa,2017-03-14
702,Alecia,O' Mullane,aomullanejh@mozilla.org,Female,1988-03-04,Myanmar,2017-01-15
703,Dexter,Stearn,dstearnji@flavors.me,Male,1987-07-01,Poland,2017-02-18
704,Yehudit,Brunsden,ybrunsdenjj@i2i.jp,Male,1975-09-29,China,2017-03-13
705,Camilla,Beeswing,cbeeswingjk@uol.com.br,Female,1966-09-06,France,2016-11-27
706,Munroe,Scopyn,mscopynjl@gizmodo.com,Male,1989-12-25,Serbia,2017-04-06
707,Jermayne,Toffoletto,jtoffolettojm@yolasite.com,Male,1974-07-25,Indonesia,2017-03-01
708,Shanta,Meddick,smeddickjn@hhs.gov,Female,1968-09-01,Syria,2017-05-17
709,Franky,Bazell,fbazelljo@ustream.tv,Female,1982-07-07,Vietnam,2017-01-28
710,Clarabelle,Yitzowitz,cyitzowitzjp@epa.gov,Female,1988-08-05,Brazil,2017-01-03
711,Brig,Smale,bsmalejq@goo.ne.jp,Male,1963-07-12,Australia,2017-06-30
712,Putnem,Fakeley,pfakeleyjr@livejournal.com,Male,1985-08-28,Indonesia,2017-03-25
713,Marcellus,Duns,mdunsjs@adobe.com,Male,1974-05-16,Haiti,2017-03-26
714,Adiana,Butterick,abutterickjt@google.com.br,Female,1974-11-22,Brazil,2017-07-15
715,Jaymie,Pointing,jpointingju@psu.edu,Male,1988-07-14,Kenya,2017-03-17
716,Lanny,Pattington,lpattingtonjv@networkadvertising.org,Male,1981-02-11,South Korea,2017-01-23
717,Lona,Hurle,lhurlejw@bbc.co.uk,Female,1969-07-16,China,2016-11-02
718,Cos,Tzuker,ctzukerjx@narod.ru,Male,1968-06-26,Norway,2016-12-02
719,Johnna,McGahern,jmcgahernjy@goo.ne.jp,Female,1972-08-24,Brazil,2017-03-10
720,Giffie,Jemmison,gjemmisonjz@cdc.gov,Male,1968-01-25,Malaysia,2017-03-06
721,Zacharia,Athy,zathyk0@booking.com,Male,1977-06-02,Russia,2016-12-16
722,Giordano,Haversham,ghavershamk1@rakuten.co.jp,Male,1966-07-30,Malta,2016-10-17
723,Katey,Race,kracek2@ezinearticles.com,Female,1977-12-18,Poland,2017-08-15
724,Patrick,Burkett,pburkettk3@live.com,Male,1966-10-09,United States,2017-05-16
725,Wilona,Brockhurst,wbrockhurstk4@blog.com,Female,1985-07-11,Russia,2016-12-17
726,Rozele,Cowland,rcowlandk5@parallels.com,Female,1985-11-25,Brazil,2017-02-19
727,Claudianus,Nisard,cnisardk6@ezinearticles.com,Male,1967-06-27,Armenia,2017-01-03
728,Peggy,Claesens,pclaesensk7@hubpages.com,Female,1980-05-03,Saudi Arabia,2017-04-27
729,Louis,Stembridge,lstembridgek8@economist.com,Male,1975-07-12,Brazil,2017-07-07
730,Zacharias,Waddoups,zwaddoupsk9@nifty.com,Male,1978-12-07,Maldives,2016-10-07
731,Margot,Moralis,mmoraliska@360.cn,Female,1987-03-11,Indonesia,2017-01-02
732,Dita,Coopper,dcoopperkb@xrea.com,Female,1971-04-25,Taiwan,2017-02-10
733,Jozef,Causby,jcausbykc@csmonitor.com,Male,1974-01-06,Nigeria,2016-11-23
734,Hersch,Varfalameev,hvarfalameevkd@last.fm,Male,1972-09-01,Mexico,2017-09-01
735,Stillman,Filchakov,sfilchakovke@ehow.com,Male,1979-04-13,France,2017-08-18
736,Jeane,Whittle,jwhittlekf@mail.ru,Female,1973-04-19,China,2016-12-28
737,Harriette,Domesday,hdomesdaykg@tiny.cc,Female,1970-09-10,United States,2017-04-29
738,Chaddie,Borrie,cborriekh@angelfire.com,Male,1965-10-23,China,2017-09-25
739,Melodie,Fargie,mfargieki@google.it,Female,1967-07-10,Serbia,2016-10-02
740,Kingsly,Aloshechkin,kaloshechkinkj@discovery.com,Male,1985-04-26,Sweden,2017-05-13
741,Faustina,Kleynermans,fkleynermanskk@sun.com,Female,1983-12-17,Poland,2016-10-22
742,Una,Vooght,uvooghtkl@deliciousdays.com,Female,1970-09-29,China,2017-01-12
743,Cleveland,Bortolutti,cbortoluttikm@ft.com,Male,1973-03-12,Portugal,2017-04-20
744,Gordan,Daout,gdaoutkn@digg.com,Male,1969-05-23,United States,2016-12-29
745,Jarrett,Checchetelli,jchecchetelliko@qq.com,Male,1970-08-15,Brazil,2017-07-26
746,Patience,Rigts,prigtskp@so-net.ne.jp,Female,1972-04-02,Czech Republic,2017-01-27
747,Barde,Shipston,bshipstonkq@wunderground.com,Male,1971-05-14,China,2017-09-22
748,Coralyn,Aves,caveskr@mayoclinic.com,Female,1977-03-12,Portugal,2016-11-03
749,Jewelle,Worsfold,jworsfoldks@1688.com,Female,1988-09-04,Kiribati,2017-02-02
750,Verna,Eallis,vealliskt@europa.eu,Female,1982-08-29,Indonesia,2017-01-17
751,Tansy,Bohlmann,tbohlmannku@cnn.com,Female,1988-11-19,Indonesia,2017-05-24
752,Beau,Romanski,bromanskikv@diigo.com,Male,1972-05-03,Portugal,2017-01-12
753,Fremont,Branscomb,fbranscombkw@seesaa.net,Male,1970-04-25,Portugal,2016-11-17
754,Shepperd,Holson,sholsonkx@jigsy.com,Male,1976-01-22,Pakistan,2017-05-16
755,Guido,Rollason,grollasonky@live.com,Male,1966-02-10,Philippines,2017-03-20
756,Doria,Grinnov,dgrinnovkz@xinhuanet.com,Female,1978-06-08,Czech Republic,2017-07-12
757,Stephie,MacAne,smacanel0@xinhuanet.com,Female,1972-12-22,Egypt,2017-08-23
758,Jacqueline,Rankling,jranklingl1@blogger.com,Female,1978-11-01,Portugal,2016-11-26
759,Had,Palleske,hpalleskel2@ftc.gov,Male,1969-02-24,China,2017-08-09
760,Ninnette,Comben,ncombenl3@free.fr,Female,1984-09-30,Brazil,2017-03-26
761,Benito,Cosham,bcoshaml4@imdb.com,Male,1971-06-04,Brazil,2017-02-01
762,Borg,Blinco,bblincol5@constantcontact.com,Male,1979-07-13,Japan,2017-02-02
763,Violette,Cathro,vcathrol6@mayoclinic.com,Female,1965-04-15,Bhutan,2017-05-29
764,Ivar,Castelin,icastelinl7@over-blog.com,Male,1970-10-28,Yemen,2017-08-16
765,Emmye,Strick,estrickl8@globo.com,Female,1972-09-14,France,2017-05-11
766,Vina,Brackstone,vbrackstonel9@google.de,Female,1982-01-04,Indonesia,2017-04-17
767,Penny,Denington,pdeningtonla@army.mil,Male,1987-01-08,Indonesia,2016-10-25
768,Yvonne,Veltmann,yveltmannlb@tripadvisor.com,Female,1988-07-01,China,2016-12-20
769,Salomon,Redmile,sredmilelc@ucsd.edu,Male,1984-05-13,Indonesia,2017-06-27
770,Cal,Jeffery,cjefferyld@behance.net,Female,1963-02-16,Chile,2016-12-17
771,Lurleen,Gronav,lgronavle@hc360.com,Female,1979-01-20,Bangladesh,2017-02-28
772,Othello,Flecknoe,oflecknoelf@ow.ly,Male,1985-08-15,Slovenia,2016-10-26
773,Goober,Foltin,gfoltinlg@uiuc.edu,Male,1984-04-23,Portugal,2016-10-14
774,Gregorio,Knatt,gknattlh@businessinsider.com,Male,1964-01-27,Djibouti,2016-11-29
775,Theodoric,Forsyde,tforsydeli@artisteer.com,Male,1989-01-04,Japan,2017-05-19
776,Matt,Holyland,mholylandlj@tmall.com,Male,1964-02-26,Uzbekistan,2017-01-19
777,Perla,Brastead,pbrasteadlk@engadget.com,Female,1968-07-03,Pakistan,2017-02-16
778,Adam,Brayn,abraynll@tripod.com,Male,1988-08-28,Portugal,2017-07-30
779,Wash,Morriss,wmorrisslm@bandcamp.com,Male,1979-11-27,Indonesia,2017-02-16
780,Shawna,Lowdeane,slowdeaneln@ucoz.ru,Female,1965-01-24,Ireland,2017-05-22
781,Dede,Northing,dnorthinglo@msn.com,Female,1972-07-16,China,2017-04-05
782,Karissa,Elfitt,kelfittlp@prlog.org,Female,1982-08-19,United States,2017-02-28
783,Redd,Gillanders,rgillanderslq@ibm.com,Male,1967-10-02,China,2017-01-15
784,Alonso,Joselevitz,ajoselevitzlr@bloomberg.com,Male,1966-06-26,Indonesia,2017-03-09
785,West,Bastistini,wbastistinils@51.la,Male,1983-05-17,Greece,2017-05-01
786,Olive,Crimes,ocrimeslt@loc.gov,Female,1967-08-14,Brazil,2016-12-03
787,Mirabella,Taile,mtailelu@diigo.com,Female,1983-01-24,Indonesia,2017-07-02
788,Anne-corinne,McGhie,amcghielv@tiny.cc,Female,1963-08-12,Venezuela,2017-04-12
789,Yuma,Glaze,yglazelw@nydailynews.com,Male,1973-01-14,Russia,2017-08-06
790,Isak,Etoile,ietoilelx@merriam-webster.com,Male,1989-08-24,Ukraine,2017-06-03
791,Morgen,Studholme,mstudholmely@t.co,Male,1985-08-29,China,2017-09-13
792,Lambert,Thursfield,lthursfieldlz@1und1.de,Male,1971-03-18,Russia,2016-11-17
793,Zena,Snary,zsnarym0@blinklist.com,Female,1984-08-29,Indonesia,2017-01-19
794,Conny,Pestridge,cpestridgem1@topsy.com,Male,1971-01-10,South Africa,2017-06-13
795,Peyter,Syddon,psyddonm2@ycombinator.com,Male,1979-10-16,China,2017-09-09
796,Paulita,Dulin,pdulinm3@cisco.com,Female,1987-02-17,Philippines,2017-01-31
797,Ilyssa,Mendel,imendelm4@princeton.edu,Female,1981-02-04,Argentina,2017-09-02
798,Nelson,Soreau,nsoreaum5@go.com,Male,1989-08-12,Poland,2017-01-20
799,Rodge,Killelea,rkilleleam6@huffingtonpost.com,Male,1966-03-06,Russia,2016-10-25
800,Tory,Tregenna,ttregennam7@google.co.jp,Female,1986-02-02,Russia,2016-12-03
801,Shandeigh,Hasell,shasellm8@hhs.gov,Female,1987-04-21,Poland,2017-04-15
802,Ilario,Sexten,isextenm9@accuweather.com,Male,1988-08-11,Ukraine,2017-02-11
803,Perle,Petlyura,ppetlyurama@sbwire.com,Female,1980-04-09,Indonesia,2017-01-31
804,Jay,Friberg,jfribergmb@cmu.edu,Male,1979-04-19,Indonesia,2017-06-24
805,Easter,Dafydd,edafyddmc@dagondesign.com,Female,1966-03-15,Peru,2017-01-27
806,Javier,Newhouse,jnewhousemd@va.gov,Male,1970-03-30,Iran,2017-02-01
807,Dur,Fallow,dfallowme@wsj.com,Male,1978-07-08,Paraguay,2017-01-20
808,Griswold,Watters,gwattersmf@apple.com,Male,1981-01-16,Indonesia,2017-09-10
809,Sissie,Fallanche,sfallanchemg@illinois.edu,Female,1980-06-21,Russia,2016-11-29
810,Ketty,Trippick,ktrippickmh@t.co,Female,1963-11-11,Chile,2017-01-10
811,Amelina,Stare,astaremi@fda.gov,Female,1964-11-24,Bangladesh,2016-10-13
812,Bearnard,Martine,bmartinemj@i2i.jp,Male,1964-12-17,Portugal,2017-04-07
813,Barri,Skyram,bskyrammk@cnbc.com,Male,1975-05-16,Ukraine,2016-11-09
814,Fran,Ambridge,fambridgeml@ucla.edu,Female,1975-10-20,Indonesia,2017-09-04
815,Briny,Brierton,bbriertonmm@squidoo.com,Female,1970-04-20,Russia,2017-07-23
816,Vilma,Sudddard,vsudddardmn@berkeley.edu,Female,1985-11-18,Vietnam,2017-09-30
817,Daffy,Wasielewski,dwasielewskimo@odnoklassniki.ru,Female,1975-06-27,Thailand,2017-07-25
818,Monty,Gooderson,mgoodersonmp@wordpress.com,Male,1976-05-19,Indonesia,2016-11-01
819,Analise,Kirrage,akirragemq@discuz.net,Female,1971-12-11,Philippines,2017-09-11
820,Betti,Edinborough,bedinboroughmr@nationalgeographic.com,Female,1976-07-24,Iran,2017-03-02
821,Jordain,Hedgeman,jhedgemanms@va.gov,Female,1984-08-27,Peru,2017-02-10
822,Nanny,Mildenhall,nmildenhallmt@netlog.com,Female,1982-06-13,Czech Republic,2017-09-22
823,Slade,Speerman,sspeermanmu@va.gov,Male,1978-04-25,China,2017-02-16
824,Chryste,Cummungs,ccummungsmv@wiley.com,Female,1970-09-25,Japan,2016-10-14
825,Skylar,Grane,sgranemw@twitter.com,Male,1965-01-06,China,2017-05-19
826,Skip,Radbourne,sradbournemx@nhs.uk,Male,1987-11-15,Western Sahara,2017-06-20
827,Annissa,Tincey,atinceymy@nydailynews.com,Female,1980-01-07,Malaysia,2017-02-18
828,Ingrid,Smalles,ismallesmz@blogspot.com,Female,1980-07-29,Guatemala,2016-11-30
829,Morissa,Fiddler,mfiddlern0@state.gov,Female,1971-03-23,Sweden,2017-09-30
830,Gabbie,Dupree,gdupreen1@elegantthemes.com,Male,1987-03-07,Serbia,2017-07-21
831,Conny,Antonelli,cantonellin2@uol.com.br,Female,1990-06-08,Greece,2017-06-21
832,Rudiger,Purselowe,rpurselowen3@house.gov,Male,1964-08-20,France,2017-08-15
833,Tomkin,Barcroft,tbarcroftn4@mit.edu,Male,1985-07-01,Russia,2017-03-06
834,Kelbee,Geddes,kgeddesn5@spiegel.de,Male,1967-12-21,Argentina,2017-07-17
835,Rodolfo,Sandercock,rsandercockn6@bloomberg.com,Male,1975-08-23,Slovenia,2016-10-20
836,Neysa,Rableau,nrableaun7@cam.ac.uk,Female,1979-02-26,Lithuania,2017-09-25
837,Kaiser,O'Quin,koquinn8@4shared.com,Male,1979-06-12,Greece,2017-05-25
838,Melva,Banbrigge,mbanbriggen9@sfgate.com,Female,1977-11-03,Syria,2017-02-18
839,Chane,Devonport,cdevonportna@angelfire.com,Male,1983-09-16,Vietnam,2017-06-01
840,Hervey,Osbaldeston,hosbaldestonnb@wiley.com,Male,1988-07-19,China,2017-08-16
841,Alidia,Tarplee,atarpleenc@yellowpages.com,Female,1990-03-08,Colombia,2017-06-18
842,Emelda,Honatsch,ehonatschnd@altervista.org,Female,1984-10-25,Czech Republic,2017-08-08
843,Delila,Crean,dcreanne@youku.com,Female,1977-02-27,Venezuela,2017-04-04
844,Ginnifer,Hartigan,ghartigannf@livejournal.com,Female,1977-01-22,Portugal,2016-10-10
845,Nikita,Bleazard,nbleazardng@linkedin.com,Male,1976-05-09,Argentina,2017-05-29
846,Claudine,Chucks,cchucksnh@toplist.cz,Female,1965-01-19,Uruguay,2017-03-12
847,Marten,Cloonan,mcloonanni@yelp.com,Male,1980-06-23,Indonesia,2017-04-07
848,Halette,McTrustram,hmctrustramnj@unblog.fr,Female,1985-11-20,United States,2017-03-11
849,Malva,Vicioso,mviciosonk@shop-pro.jp,Female,1990-07-04,China,2017-08-30
850,Zahara,Siemantel,zsiemantelnl@kickstarter.com,Female,1971-08-07,Portugal,2017-07-04
851,Norma,Pittem,npittemnm@utexas.edu,Female,1982-11-07,Indonesia,2016-10-27
852,Deena,Gibling,dgiblingnn@ustream.tv,Female,1968-01-11,Yemen,2017-05-22
853,Juline,Shoebridge,jshoebridgeno@soundcloud.com,Female,1987-03-15,Philippines,2017-06-05
854,Tally,Drable,tdrablenp@wikipedia.org,Male,1989-12-27,Indonesia,2017-03-27
855,Christen,Tabram,ctabramnq@qq.com,Female,1989-07-12,Poland,2017-04-26
856,Caroline,Sharpous,csharpousnr@rambler.ru,Female,1978-02-18,Afghanistan,2017-08-09
857,Consolata,Osbourne,cosbournens@aol.com,Female,1975-02-13,Mongolia,2017-07-02
858,Malina,Voff,mvoffnt@jalbum.net,Female,1985-03-10,Indonesia,2016-10-29
859,Anne-marie,Foister,afoisternu@desdev.cn,Female,1977-12-02,Sudan,2016-11-03
860,Jason,Cestard,jcestardnv@tmall.com,Male,1985-05-25,Indonesia,2017-05-27
861,Dennet,Lear,dlearnw@npr.org,Male,1973-02-01,China,2017-03-06
862,Roger,Davidoff,rdavidoffnx@yandex.ru,Male,1978-08-25,China,2016-11-15
863,Avery,Ayris,aayrisny@free.fr,Male,1972-02-08,China,2017-05-21
864,Zsazsa,Wretham,zwrethamnz@apple.com,Female,1965-09-22,Mongolia,2016-10-24
865,Tracey,O'Sheeryne,tosheeryneo0@google.cn,Male,1968-11-10,Indonesia,2017-05-01
866,Alanna,Noteyoung,anoteyoungo1@eventbrite.com,Female,1963-11-17,China,2017-09-01
867,Vanni,Rulf,vrulfo2@imageshack.us,Female,1979-09-04,Indonesia,2017-08-06
868,Lombard,Ghest,lghesto3@newyorker.com,Male,1979-10-14,Mauritius,2017-05-16
869,Axel,Sandbach,asandbacho4@shutterfly.com,Male,1982-11-12,Bolivia,2017-02-17
870,Jeannine,Mc Comb,jmccombo5@narod.ru,Female,1969-09-04,Poland,2016-10-28
871,Alistair,Fadell,afadello6@google.com.au,Male,1983-07-12,Poland,2016-11-21
872,Reinwald,Seary,rsearyo7@booking.com,Male,1986-07-27,China,2016-10-20
873,Britni,Strahan,bstrahano8@squarespace.com,Female,1983-12-04,Indonesia,2016-12-21
874,Teodor,Seebert,tseeberto9@biblegateway.com,Male,1973-03-06,Indonesia,2017-05-25
875,Moll,Ravens,mravensoa@cargocollective.com,Female,1968-12-29,Peru,2017-03-09
876,Audry,Rohlfs,arohlfsob@miibeian.gov.cn,Female,1966-11-01,Russia,2017-01-14
877,Sancho,Tinton,stintonoc@wikimedia.org,Male,1986-05-20,New Zealand,2016-12-22
878,Dru,Pentlow,dpentlowod@ocn.ne.jp,Male,1979-05-28,China,2017-09-29
879,Nesta,Torrisi,ntorrisioe@seattletimes.com,Female,1972-12-25,Philippines,2017-04-21
880,Adria,Saph,asaphof@ycombinator.com,Female,1985-08-11,Russia,2017-05-11
881,Virginia,Tabourel,vtabourelog@auda.org.au,Female,1978-11-02,China,2016-10-09
882,Rosaleen,Commins,rcomminsoh@people.com.cn,Female,1967-06-26,Philippines,2017-05-17
883,Gisela,Doughartie,gdoughartieoi@zimbio.com,Female,1965-02-02,Brazil,2017-02-01
884,Roscoe,Buggy,rbuggyoj@nba.com,Male,1963-06-14,China,2017-05-11
885,Cecily,Robelet,crobeletok@yellowbook.com,Female,1964-08-09,China,2017-06-10
886,Hazel,Strickler,hstricklerol@huffingtonpost.com,Male,1972-03-19,Nigeria,2017-06-23
887,Frederich,Egell,fegellom@jimdo.com,Male,1990-07-16,Nigeria,2017-08-11
888,Robin,Whyman,rwhymanon@wix.com,Male,1962-10-09,Belarus,2017-03-07
889,Alvera,Belliveau,abelliveauoo@google.cn,Female,1965-09-30,Philippines,2016-11-03
890,Quint,Chavrin,qchavrinop@ucoz.com,Male,1979-05-08,China,2016-10-20
891,Dominique,Rennison,drennisonoq@ft.com,Female,1976-06-29,Venezuela,2016-10-22
892,Cybill,Mendoza,cmendozaor@usda.gov,Female,1980-11-11,United States,2017-07-15
893,Austin,Hirche,ahircheos@t.co,Male,1987-03-25,United States,2016-12-12
894,Mikkel,Zuanazzi,mzuanazziot@linkedin.com,Male,1978-09-07,China,2016-12-16
895,Antonietta,Matczak,amatczakou@accuweather.com,Female,1965-11-23,Japan,2017-06-06
896,Olivie,Volette,ovoletteov@ucoz.ru,Female,1977-10-06,Cape Verde,2016-11-17
897,Orbadiah,Brannon,obrannonow@quantcast.com,Male,1981-10-13,Poland,2017-07-27
898,Niven,Sprakes,nsprakesox@hugedomains.com,Male,1985-01-17,China,2017-07-23
899,Eliot,MacPeice,emacpeiceoy@ning.com,Male,1980-05-18,Sweden,2016-12-09
900,Enid,Ayris,eayrisoz@cam.ac.uk,Female,1975-09-10,Indonesia,2017-08-15
901,Janna,Ramme,jrammep0@bravesites.com,Female,1986-12-10,France,2016-12-21
902,Ferdinande,Leates,fleatesp1@moonfruit.com,Female,1963-06-14,China,2017-09-13
903,Sonnie,Parslow,sparslowp2@home.pl,Male,1970-04-28,Indonesia,2016-10-17
904,Lorry,Macey,lmaceyp3@icq.com,Female,1985-01-03,Colombia,2017-06-27
905,Milt,Dunsmuir,mdunsmuirp4@wikia.com,Male,1968-02-28,South Sudan,2017-04-13
906,Dwain,MacFayden,dmacfaydenp5@umich.edu,Male,1983-07-31,Russia,2017-05-08
907,Glennie,MacDonogh,gmacdonoghp6@examiner.com,Female,1968-10-02,China,2017-08-27
908,Phebe,Davidov,pdavidovp7@imgur.com,Female,1969-03-23,Philippines,2016-12-17
909,Louis,Oxenden,loxendenp8@discovery.com,Male,1964-05-22,Brazil,2017-01-26
910,Justinian,Sharrem,jsharremp9@smugmug.com,Male,1963-05-12,Saudi Arabia,2017-03-06
911,Lola,MacKniely,lmacknielypa@hugedomains.com,Female,1970-09-02,Canada,2017-05-12
912,Bartlett,Beggs,bbeggspb@usatoday.com,Male,1978-04-01,Philippines,2017-04-05
913,Frederique,Stein,fsteinpc@google.es,Female,1989-02-28,Japan,2016-10-24
914,Chere,Gerbl,cgerblpd@google.co.uk,Female,1983-02-13,Portugal,2017-09-28
915,Sky,Abbotson,sabbotsonpe@odnoklassniki.ru,Male,1969-07-30,China,2017-04-16
916,Evin,Cooling,ecoolingpf@oracle.com,Male,1968-04-24,Indonesia,2017-08-20
917,Bat,Devigne,bdevignepg@house.gov,Male,1978-10-14,Russia,2017-03-10
918,Bernie,Kimbrough,bkimbroughph@youku.com,Female,1977-07-30,China,2017-09-28
919,Arlin,Whimp,awhimppi@cloudflare.com,Male,1971-06-06,Greece,2017-09-26
920,Kassia,Deshon,kdeshonpj@technorati.com,Female,1978-01-18,Mali,2017-09-02
921,Chickie,Middle,cmiddlepk@loc.gov,Female,1965-11-28,Poland,2017-02-20
922,Georg,Arnaudin,garnaudinpl@github.io,Male,1971-11-26,Indonesia,2017-03-19
923,Marnie,Kleen,mkleenpm@weibo.com,Female,1982-01-26,Portugal,2016-10-18
924,Wendi,Todarello,wtodarellopn@washington.edu,Female,1980-06-30,Indonesia,2016-11-21
925,Kippy,Sanpher,ksanpherpo@amazon.com,Male,1984-02-27,Portugal,2016-10-26
926,Timmie,Flatley,tflatleypp@vk.com,Female,1969-12-19,Indonesia,2017-02-13
927,Jeffie,Keming,jkemingpq@google.nl,Male,1986-12-27,Afghanistan,2017-06-11
928,Neila,Nazaret,nnazaretpr@ucla.edu,Female,1977-04-06,Indonesia,2017-04-05
929,Selinda,Castel,scastelps@marketwatch.com,Female,1971-02-11,Nepal,2017-09-12
930,Doti,Penddreth,dpenddrethpt@statcounter.com,Female,1974-10-29,Ukraine,2016-11-04
931,Lilian,Wones,lwonespu@gmpg.org,Female,1988-06-10,Poland,2017-03-05
932,Latia,Bracknell,lbracknellpv@macromedia.com,Female,1980-07-25,China,2017-07-28
933,Silvanus,Lomond,slomondpw@parallels.com,Male,1969-12-26,Malta,2017-09-16
934,Lyndell,Fegan,lfeganpx@sina.com.cn,Female,1979-12-30,China,2016-11-08
935,Valentino,Shepeard,vshepeardpy@hugedomains.com,Male,1982-08-23,China,2016-10-18
936,Anabelle,Tripney,atripneypz@arizona.edu,Female,1983-03-02,Uruguay,2017-08-13
937,Brander,Eastcourt,beastcourtq0@photobucket.com,Male,1966-02-28,Japan,2017-05-12
938,Amerigo,Friend,afriendq1@craigslist.org,Male,1963-05-26,Russia,2017-06-03
939,Kingston,Moss,kmossq2@w3.org,Male,1974-08-29,Portugal,2017-09-19
940,Gottfried,Livens,glivensq3@wikimedia.org,Male,1972-04-04,Sweden,2017-07-28
941,Solly,Joao,sjoaoq4@sfgate.com,Male,1984-03-03,Jordan,2017-02-21
942,Isidore,Tutt,ituttq5@disqus.com,Male,1983-12-10,Russia,2017-08-01
943,Lennard,Slocom,lslocomq6@google.ca,Male,1990-03-30,Nepal,2017-02-10
944,Almeta,Govinlock,agovinlockq7@mashable.com,Female,1975-12-13,Bosnia and Herzegovina,2017-01-26
945,Anatole,Turley,aturleyq8@businessinsider.com,Male,1964-09-20,Indonesia,2017-05-15
946,Margalo,Fareweather,mfareweatherq9@ucsd.edu,Female,1989-05-14,Indonesia,2017-09-24
947,Brit,Calken,bcalkenqa@ameblo.jp,Male,1989-03-01,Indonesia,2017-06-12
948,Errick,Dikes,edikesqb@yelp.com,Male,1988-10-24,Norway,2017-06-05
949,Ev,Patry,epatryqc@lycos.com,Male,1976-07-17,China,2017-04-30
950,Jerrold,Ligerton,jligertonqd@businessinsider.com,Male,1974-11-06,Czech Republic,2017-09-27
951,Yale,Mawby,ymawbyqe@abc.net.au,Male,1976-09-07,Indonesia,2017-09-30
952,Joye,Bonavia,jbonaviaqf@meetup.com,Female,1968-01-11,Indonesia,2017-08-27
953,Shell,Shrimpton,sshrimptonqg@thetimes.co.uk,Female,1977-03-09,Argentina,2016-12-24
954,Kippar,Flemmich,kflemmichqh@hubpages.com,Male,1972-01-22,China,2017-05-20
955,Vidovic,Botte,vbotteqi@tuttocitta.it,Male,1980-07-17,Russia,2017-09-17
956,Missie,Lapree,mlapreeqj@va.gov,Female,1974-04-08,Greece,2017-05-18
957,Guenna,Riddick,griddickqk@howstuffworks.com,Female,1974-04-25,Peru,2016-12-17
958,Archaimbaud,Clitherow,aclitherowql@loc.gov,Male,1987-06-18,Philippines,2017-03-24
959,Bary,Drugan,bdruganqm@jimdo.com,Male,1973-05-18,China,2017-09-28
960,Lancelot,Mattingson,lmattingsonqn@kickstarter.com,Male,1964-04-30,China,2017-09-23
961,Mortimer,Gregorio,mgregorioqo@cmu.edu,Male,1975-07-16,Philippines,2017-07-09
962,Torrence,Curnokk,tcurnokkqp@diigo.com,Male,1967-03-24,China,2017-05-23
963,Pavel,Aspel,paspelqq@cloudflare.com,Male,1974-08-20,Russia,2017-07-10
964,Byrom,Keating,bkeatingqr@cyberchimps.com,Male,1982-11-02,Brazil,2017-05-07
965,David,Richfield,drichfieldqs@rambler.ru,Male,1986-10-02,Czech Republic,2017-02-25
966,Baudoin,Ellcome,bellcomeqt@prnewswire.com,Male,1985-04-24,France,2017-03-11
967,Boonie,De Vaux,bdevauxqu@patch.com,Male,1974-11-17,Serbia,2017-07-07
968,Luce,Jillis,ljillisqv@i2i.jp,Female,1970-12-14,Greece,2017-03-07
969,Benedict,Fermer,bfermerqw@unc.edu,Male,1987-12-25,Indonesia,2017-08-22
970,Sandor,Rohlfs,srohlfsqx@adobe.com,Male,1963-09-26,United States,2017-08-20
971,Lowe,Cheesman,lcheesmanqy@hao123.com,Male,1989-12-07,China,2016-11-29
972,Nicko,Goodwill,ngoodwillqz@stanford.edu,Male,1971-11-01,Uruguay,2016-10-07
973,Bartolemo,Breawood,bbreawoodr0@nasa.gov,Male,1966-12-04,Russia,2017-07-25
974,Meredithe,Tall,mtallr1@youku.com,Female,1966-10-12,Sweden,2017-03-22
975,Perceval,Jobey,pjobeyr2@imageshack.us,Male,1970-04-14,Indonesia,2017-08-12
976,Margaux,Wookey,mwookeyr3@sciencedirect.com,Female,1964-10-11,Indonesia,2016-11-13
977,Sollie,Jennery,sjenneryr4@360.cn,Male,1964-03-20,Indonesia,2016-10-22
978,Berkley,Wisham,bwishamr5@usatoday.com,Male,1975-03-29,Indonesia,2016-10-03
979,Rodina,Ellwell,rellwellr6@storify.com,Female,1974-10-18,Poland,2017-07-20
980,Leora,Bolsover,lbolsoverr7@time.com,Female,1978-08-22,Portugal,2017-06-13
981,Sonnnie,Bramwell,sbramwellr8@wired.com,Female,1963-09-16,China,2016-11-20
982,Abner,Kordovani,akordovanir9@spotify.com,Male,1981-03-16,China,2017-03-21
983,Nev,Cottey,ncotteyra@infoseek.co.jp,Male,1977-02-13,Indonesia,2016-11-21
984,Tasha,Lempel,tlempelrb@blogtalkradio.com,Female,1973-05-08,Indonesia,2017-03-07
985,Godfry,Pattenden,gpattendenrc@blogger.com,Male,1967-01-12,Japan,2017-08-10
986,Elsworth,Farington,efaringtonrd@loc.gov,Male,1962-11-16,China,2017-04-25
987,Brynne,Beecham,bbeechamre@who.int,Female,1981-04-16,Bulgaria,2017-06-02
988,Doe,Daldry,ddaldryrf@photobucket.com,Female,1967-11-08,Colombia,2016-10-09
989,Devlen,McPaik,dmcpaikrg@ed.gov,Male,1978-07-11,Sweden,2016-10-16
990,Kayle,Burds,kburdsrh@yahoo.com,Female,1982-11-21,Russia,2017-07-29
991,Nicolea,Fyrth,nfyrthri@flickr.com,Female,1964-10-27,China,2016-12-26
992,Chloris,Stolberger,cstolbergerrj@engadget.com,Female,1982-10-05,Austria,2017-01-31
993,Dickie,Waszkiewicz,dwaszkiewiczrk@unc.edu,Male,1969-01-30,Philippines,2016-11-28
994,Rouvin,Plitz,rplitzrl@bbc.co.uk,Male,1988-09-01,Nigeria,2017-05-29
995,Marve,McRory,mmcroryrm@gravatar.com,Male,1971-09-03,Peru,2017-04-07
996,Wren,Black,wblackrn@abc.net.au,Female,1975-12-25,Vietnam,2017-01-19
997,Sayres,Twigley,stwigleyro@over-blog.com,Male,1965-08-17,Vietnam,2017-07-08
998,Venita,Paur,vpaurrp@e-recht24.de,Female,1987-04-01,Philippines,2016-11-26
999,Danila,Whorlow,dwhorlowrq@flavors.me,Female,1977-03-04,Russia,2017-07-21
1000,Pietrek,Lowcock,plowcockrr@cnbc.com,Male,1975-05-12,China,2017-01-19
